-- phpMyAdmin SQL Dump
-- version 5.2.0
-- https://www.phpmyadmin.net/
--
-- Máy chủ: 127.0.0.1
-- Thời gian đã tạo: Th8 03, 2023 lúc 05:20 PM
-- Phiên bản máy phục vụ: 10.4.27-MariaDB
-- Phiên bản PHP: 8.0.25

SET SQL_MODE = "NO_AUTO_VALUE_ON_ZERO";
START TRANSACTION;
SET time_zone = "+00:00";


/*!40101 SET @OLD_CHARACTER_SET_CLIENT=@@CHARACTER_SET_CLIENT */;
/*!40101 SET @OLD_CHARACTER_SET_RESULTS=@@CHARACTER_SET_RESULTS */;
/*!40101 SET @OLD_COLLATION_CONNECTION=@@COLLATION_CONNECTION */;
/*!40101 SET NAMES utf8mb4 */;

--
-- Cơ sở dữ liệu: `duan1`
--

-- --------------------------------------------------------

--
-- Cấu trúc bảng cho bảng `category`
--

CREATE TABLE `category` (
  `cate_id` int(11) NOT NULL,
  `cate_name` varchar(50) NOT NULL
) ENGINE=InnoDB DEFAULT CHARSET=utf8mb4 COLLATE=utf8mb4_general_ci;

--
-- Đang đổ dữ liệu cho bảng `category`
--

INSERT INTO `category` (`cate_id`, `cate_name`) VALUES
(1, 'Lam Dong'),
(3, 'Colombia'),
(5, 'Ethiopia'),
(6, 'Kenya'),
(7, 'Panama'),
(9, 'Combo');

-- --------------------------------------------------------

--
-- Cấu trúc bảng cho bảng `comment`
--

CREATE TABLE `comment` (
  `cmt_id` int(11) NOT NULL,
  `cmt_content` varchar(225) NOT NULL,
  `user_id` int(11) NOT NULL,
  `pdt_id` int(11) NOT NULL,
  `cmt_date` date NOT NULL,
  `cmt_time` varchar(50) NOT NULL
) ENGINE=InnoDB DEFAULT CHARSET=utf8mb4 COLLATE=utf8mb4_general_ci;

--
-- Đang đổ dữ liệu cho bảng `comment`
--

INSERT INTO `comment` (`cmt_id`, `cmt_content`, `user_id`, `pdt_id`, `cmt_date`, `cmt_time`) VALUES
(31, 'Sản phẩm tốt không', 2, 1, '2023-08-02', '20:14:16'),
(32, 'Admin ở đây', 1, 1, '2023-08-02', '20:15:08');

-- --------------------------------------------------------

--
-- Cấu trúc bảng cho bảng `commentreply`
--

CREATE TABLE `commentreply` (
  `reply_id` int(11) NOT NULL,
  `cmt_id` int(11) NOT NULL,
  `user_id` int(11) NOT NULL,
  `reply_text` varchar(22) NOT NULL,
  `reply_date` date NOT NULL
) ENGINE=InnoDB DEFAULT CHARSET=utf8mb4 COLLATE=utf8mb4_general_ci;

--
-- Đang đổ dữ liệu cho bảng `commentreply`
--

INSERT INTO `commentreply` (`reply_id`, `cmt_id`, `user_id`, `reply_text`, `reply_date`) VALUES
(20, 31, 1, 'Cảm ơn bạn đã quan tâm', '2023-08-02');

-- --------------------------------------------------------

--
-- Cấu trúc bảng cho bảng `order`
--

CREATE TABLE `order` (
  `order_id` int(11) NOT NULL,
  `user_id` int(11) NOT NULL,
  `order_date` date NOT NULL,
  `order_total` float NOT NULL
) ENGINE=InnoDB DEFAULT CHARSET=utf8mb4 COLLATE=utf8mb4_general_ci;

--
-- Đang đổ dữ liệu cho bảng `order`
--

INSERT INTO `order` (`order_id`, `user_id`, `order_date`, `order_total`) VALUES
(37, 1, '2023-07-28', 300000),
(38, 1, '2023-07-28', 770000),
(39, 1, '2023-07-28', 770000),
(40, 1, '2023-07-28', 770000),
(41, 1, '2023-07-28', 770000),
(42, 1, '2023-07-28', 770000),
(43, 1, '2023-07-28', 575000),
(44, 1, '2023-07-28', 600000),
(45, 1, '2023-07-28', 600000),
(46, 1, '2023-07-28', 750000),
(48, 1, '2023-07-28', 685000),
(49, 1, '2023-07-28', 685000),
(50, 1, '2023-07-28', 685000),
(51, 1, '2023-07-28', 685000),
(52, 1, '2023-07-28', 1200000),
(53, 1, '2023-07-28', 325000),
(54, 1, '2023-07-28', 325000),
(55, 1, '2023-07-28', 325000),
(56, 1, '2023-07-28', 325000),
(57, 1, '2023-07-28', 325000),
(58, 1, '2023-07-28', 325000),
(59, 1, '2023-07-28', 325000),
(60, 1, '2023-07-28', 360000),
(61, 1, '2023-07-29', 360000),
(62, 3, '2023-07-29', 600000),
(63, 3, '2023-07-29', 360000),
(64, 3, '2023-07-31', 360000),
(65, 3, '2023-07-31', 250000),
(66, 3, '2023-07-31', 400000),
(67, 3, '0000-00-00', 1575000),
(68, 3, '2023-07-31', 600000),
(69, 2, '2023-08-01', 600000);

-- --------------------------------------------------------

--
-- Cấu trúc bảng cho bảng `ordersdetail`
--

CREATE TABLE `ordersdetail` (
  `ordersdetail_id` int(11) NOT NULL,
  `order_id` int(11) NOT NULL,
  `pdt_id` int(11) NOT NULL,
  `prd_name` varchar(225) NOT NULL,
  `prd_img` varchar(50) NOT NULL,
  `quantity` int(225) NOT NULL,
  `unit_price` float NOT NULL,
  `total_price` float NOT NULL
) ENGINE=InnoDB DEFAULT CHARSET=utf8mb4 COLLATE=utf8mb4_general_ci;

--
-- Đang đổ dữ liệu cho bảng `ordersdetail`
--

INSERT INTO `ordersdetail` (`ordersdetail_id`, `order_id`, `pdt_id`, `prd_name`, `prd_img`, `quantity`, `unit_price`, `total_price`) VALUES
(2, 37, 5, 'Cà phê Blagu Hạt Đã Rang, Colombia Supremo, Medium Roasted, 250g', 'product_8.jpg', 2, 150000, 300000),
(3, 38, 1, 'Cà Phê Blagu Hạt Đã Rang Panama Boquete - Medium -', 'product_3.jpg', 1, 600000, 600000),
(4, 38, 9, 'Cà Phê Blagu Hạt Đã Rang, Cà Phê Pha Phin Việt Nam, medium dark roast, 500g', 'product_12.jpg', 1, 170000, 170000),
(5, 39, 1, 'Cà Phê Blagu Hạt Đã Rang Panama Boquete - Medium -', 'product_3.jpg', 1, 600000, 600000),
(6, 39, 9, 'Cà Phê Blagu Hạt Đã Rang, Cà Phê Pha Phin Việt Nam, medium dark roast, 500g', 'product_12.jpg', 1, 170000, 170000),
(7, 40, 1, 'Cà Phê Blagu Hạt Đã Rang Panama Boquete - Medium -', 'product_3.jpg', 1, 600000, 600000),
(8, 40, 9, 'Cà Phê Blagu Hạt Đã Rang, Cà Phê Pha Phin Việt Nam, medium dark roast, 500g', 'product_12.jpg', 1, 170000, 170000),
(9, 41, 1, 'Cà Phê Blagu Hạt Đã Rang Panama Boquete - Medium -', 'product_3.jpg', 1, 600000, 600000),
(10, 41, 9, 'Cà Phê Blagu Hạt Đã Rang, Cà Phê Pha Phin Việt Nam, medium dark roast, 500g', 'product_12.jpg', 1, 170000, 170000),
(11, 42, 1, 'Cà Phê Blagu Hạt Đã Rang Panama Boquete - Medium -', 'product_3.jpg', 1, 600000, 600000),
(12, 42, 9, 'Cà Phê Blagu Hạt Đã Rang, Cà Phê Pha Phin Việt Nam, medium dark roast, 500g', 'product_12.jpg', 1, 170000, 170000),
(13, 43, 6, 'CÀ PHÊ BLAGU HẠT ĐÃ RANG , ETHIOPIA W.YIRGACHEFFE, LIGHT MEDIUM ROAST 250G', 'product_9.jpg', 1, 250000, 250000),
(14, 43, 7, 'Cà phê Blagu hạt đã rang, Bourbon Cầu Đất, Medium Roast, 250g', 'product_10.jpg', 1, 325000, 325000),
(15, 44, 6, 'CÀ PHÊ BLAGU HẠT ĐÃ RANG , ETHIOPIA W.YIRGACHEFFE, LIGHT MEDIUM ROAST 250G', 'product_9.jpg', 1, 250000, 250000),
(16, 44, 8, 'CÀ PHÊ NHÂN XANH YELLOW BOURBON CẦU ĐẤT- 1 KG', 'product_11.jpg', 1, 350000, 350000),
(17, 46, 1, 'Cà Phê Blagu Hạt Đã Rang Panama Boquete - Medium -', 'product_3.jpg', 1, 600000, 600000),
(18, 46, 5, 'Cà phê Blagu Hạt Đã Rang, Colombia Supremo, Medium Roasted, 250g', 'product_8.jpg', 1, 150000, 150000),
(19, 48, 2, 'Cà Phê Blagu Hạt Đã Rang Kenya AA Plus - Light Medium - 250g', 'product_6.jpg', 1, 360000, 360000),
(20, 48, 7, 'Cà phê Blagu hạt đã rang, Bourbon Cầu Đất, Medium Roast, 250g', 'product_10.jpg', 1, 325000, 325000),
(21, 49, 2, 'Cà Phê Blagu Hạt Đã Rang Kenya AA Plus - Light Medium - 250g', 'product_6.jpg', 1, 360000, 360000),
(22, 49, 7, 'Cà phê Blagu hạt đã rang, Bourbon Cầu Đất, Medium Roast, 250g', 'product_10.jpg', 1, 325000, 325000),
(23, 50, 2, 'Cà Phê Blagu Hạt Đã Rang Kenya AA Plus - Light Medium - 250g', 'product_6.jpg', 1, 360000, 360000),
(24, 50, 7, 'Cà phê Blagu hạt đã rang, Bourbon Cầu Đất, Medium Roast, 250g', 'product_10.jpg', 1, 325000, 325000),
(25, 51, 2, 'Cà Phê Blagu Hạt Đã Rang Kenya AA Plus - Light Medium - 250g', 'product_6.jpg', 1, 360000, 360000),
(26, 51, 7, 'Cà phê Blagu hạt đã rang, Bourbon Cầu Đất, Medium Roast, 250g', 'product_10.jpg', 1, 325000, 325000),
(27, 52, 1, 'Cà Phê Blagu Hạt Đã Rang Panama Boquete - Medium -', 'product_3.jpg', 2, 600000, 1200000),
(28, 53, 7, 'Cà phê Blagu hạt đã rang, Bourbon Cầu Đất, Medium Roast, 250g', 'product_10.jpg', 1, 325000, 325000),
(29, 54, 7, 'Cà phê Blagu hạt đã rang, Bourbon Cầu Đất, Medium Roast, 250g', 'product_10.jpg', 1, 325000, 325000),
(30, 55, 7, 'Cà phê Blagu hạt đã rang, Bourbon Cầu Đất, Medium Roast, 250g', 'product_10.jpg', 1, 325000, 325000),
(31, 56, 7, 'Cà phê Blagu hạt đã rang, Bourbon Cầu Đất, Medium Roast, 250g', 'product_10.jpg', 1, 325000, 325000),
(32, 57, 7, 'Cà phê Blagu hạt đã rang, Bourbon Cầu Đất, Medium Roast, 250g', 'product_10.jpg', 1, 325000, 325000),
(33, 58, 7, 'Cà phê Blagu hạt đã rang, Bourbon Cầu Đất, Medium Roast, 250g', 'product_10.jpg', 1, 325000, 325000),
(34, 59, 7, 'Cà phê Blagu hạt đã rang, Bourbon Cầu Đất, Medium Roast, 250g', 'product_10.jpg', 1, 325000, 325000),
(35, 60, 2, 'Cà Phê Blagu Hạt Đã Rang Kenya AA Plus - Light Medium - 250g', 'product_6.jpg', 1, 360000, 360000),
(36, 61, 2, 'Cà Phê Blagu Hạt Đã Rang Kenya AA Plus - Light Medium - 250g', 'product_6.jpg', 1, 360000, 360000),
(37, 62, 1, 'Cà Phê Blagu Hạt Đã Rang Panama Boquete - Medium -', 'product_3.jpg', 1, 600000, 600000),
(38, 63, 4, 'Cà Phê Blagu Hạt Đã Rang Ethiopia Konga - Light Medium - 250g', 'product_7.jpg', 1, 360000, 360000),
(39, 64, 2, 'Cà Phê Blagu Hạt Đã Rang Kenya AA Plus - Light Medium - 250g', 'product_6.jpg', 1, 360000, 360000),
(40, 65, 6, 'CÀ PHÊ BLAGU HẠT ĐÃ RANG , ETHIOPIA W.YIRGACHEFFE, LIGHT MEDIUM ROAST 250G', 'product_9.jpg', 1, 250000, 250000),
(41, 66, 6, 'CÀ PHÊ BLAGU HẠT ĐÃ RANG , ETHIOPIA W.YIRGACHEFFE, LIGHT MEDIUM ROAST 250G', 'product_9.jpg', 1, 250000, 250000),
(42, 66, 5, 'Cà phê Blagu Hạt Đã Rang, Colombia Supremo, Medium Roasted, 250g', 'product_8.jpg', 1, 150000, 150000),
(43, 67, 1, 'Cà Phê Blagu Hạt Đã Rang Panama Boquete - Medium -', 'product_3.jpg', 1, 600000, 600000),
(44, 67, 7, 'Cà phê Blagu hạt đã rang, Bourbon Cầu Đất, Medium Roast, 250g', 'product_10.jpg', 3, 325000, 975000),
(45, 68, 1, 'Cà Phê Blagu Hạt Đã Rang Panama Boquete - Medium -', 'product_3.jpg', 1, 600000, 600000),
(46, 69, 1, 'Cà Phê Blagu Hạt Đã Rang Panama Boquete - Medium -', 'product_3.jpg', 1, 600000, 600000);

-- --------------------------------------------------------

--
-- Cấu trúc bảng cho bảng `post`
--

CREATE TABLE `post` (
  `post_id` int(11) NOT NULL,
  `post_title` varchar(225) NOT NULL,
  `post_desc` longtext NOT NULL,
  `post_content` longtext NOT NULL,
  `post_img` varchar(50) NOT NULL,
  `post_date` date NOT NULL,
  `post_view` int(11) NOT NULL
) ENGINE=InnoDB DEFAULT CHARSET=utf8mb4 COLLATE=utf8mb4_general_ci;

--
-- Đang đổ dữ liệu cho bảng `post`
--

INSERT INTO `post` (`post_id`, `post_title`, `post_desc`, `post_content`, `post_img`, `post_date`, `post_view`) VALUES
(1, 'TRÀ CÓ HÀM LƯỢNG CAFFEINE CAO HƠN CẢ CÀ PHÊ?', '<p>Nhắc đến <strong>hàm lượng caffeine</strong>, đa số mọi người sẽ nghĩ ngay đến cà phê. Trên thực tế có nhiều thức uống có chứa chất kích thích này, trong đó tiêu biểu có thể kể đến trà. Trà có hàm lượng caffeine cao hơn cả cà phê? Cùng 47 Factory Coffee Roaster tìm hiểu trong bài viết này nhé!</p>', '<p><strong>– TASTE THE ORIGIN –</strong></p><p>Nhắc đến <strong>hàm lượng caffeine</strong>, đa số mọi người sẽ nghĩ ngay đến cà phê. Trên thực tế có nhiều thức uống có chứa chất kích thích này, trong đó tiêu biểu có thể kể đến trà. Trà có hàm lượng caffeine cao hơn cả cà phê? Cùng 43 Factory Coffee Roaster tìm hiểu trong bài viết này nhé!</p><h2><strong>HÀM LƯỢNG CAFFEINE TRONG TRÀ</strong></h2><p>&nbsp;</p><p>Trà xanh là thức uống quen thuộc trong văn hóa người Việt bên cạnh ly cà phê. Một buổi sớm mai được nhấp những ngụm trà trong vắt, thơm thanh hương vị tự nhiên giúp con người tỉnh táo, trập trung. Tùy từng loại trà và cách uống, xử lý nguyên liệu, cách chế biến,… mà hàm lượng caffeine sẽ khác nhau.&nbsp;</p><figure class=\"image\"><img src=\"https://43factory.coffee/wp-content/uploads/2023/07/202307190402-1.jpg\" alt=\"Trà có hàm lượng caffeine cao hơn cả cà phê?\" srcset=\"https://43factory.coffee/wp-content/uploads/2023/07/202307190402-1.jpg 640w, https://43factory.coffee/wp-content/uploads/2023/07/202307190402-1-300x253.jpg 300w, https://43factory.coffee/wp-content/uploads/2023/07/202307190402-1-600x505.jpg 600w\" sizes=\"100vw\" width=\"640\"></figure><p><i>Trong trà cũng có chứa caffeine</i></p><p>Hàm lượng caffeine trong lá trà là (3,5%), lá trà mate là (0,89-1,73%). Theo nghiên cứu của khoa công nghệ thực phẩm và công nghệ sinh học, Đại học Zagreb, Croatia, trà trắng chứa lượng caffeine cao nhất (4,55%) và chè mate thấp nhất (1,05%) và trà ô long từ 2,04% (trà xanh) đến 3,86% (trà đen). Lượng caffeine trong 210 ml trà là 30-70 mg.</p><p>Tuy nhiên trong trà có chất ức chế caffeine nên khi uống các bạn sẽ thấy “êm” hơn. Có thể thay bằng trà sencha hoặc matcha vẫn cảm thấy vị như uống trà tươi, và 1 lít nước cũng chỉ cần khoảng 10gr trà.</p><p>&nbsp;</p><h3><strong>TRÀ CÓ NHIỀU CHẤT GIÚP CON NGƯỜI DỄ CHỊU</strong></h3><p>&nbsp;</p><p>Trong trà có chứa lượng nhỏ 2 alkaloid khác là theobromine và theophyllin lại có tính thư giãn cơ trơn, khiến cảm giác dễ thở hơn. Ngoài ra, trà cũng chứa acid amin L-Theanine, một acid amin có tác dụng làm dịu não, tạo cảm giác thư giãn đối với hệ thần kinh trung ương.</p><p>&nbsp;</p><h2><strong>HÀM LƯỢNG CAFFEINE TRONG CÀ PHÊ</strong></h2><p>&nbsp;</p><figure class=\"image\"><img src=\"https://43factory.coffee/wp-content/uploads/2023/07/202307190402-2.jpg\" alt=\"Trà có hàm lượng caffeine cao hơn cả cà phê?\" srcset=\"https://43factory.coffee/wp-content/uploads/2023/07/202307190402-2.jpg 640w, https://43factory.coffee/wp-content/uploads/2023/07/202307190402-2-300x254.jpg 300w, https://43factory.coffee/wp-content/uploads/2023/07/202307190402-2-600x507.jpg 600w\" sizes=\"100vw\" width=\"640\"></figure><p>Lượng caffeine có trong hạt cà phê là 1,1-2,2%. 210 ml cà phê chứa 65-175mg caffeine. Lượng chất kích thích này sẽ thay đổi theo giống cà phê, cách rang, pha chế. Trong cà phê không có chất ức chế caffeine, do đó khi uống, các bạn sẽ cảm nhận rõ ràng sự tác động của chất này.&nbsp;</p><p>Như vậy, cà phê chứa nhiều caffeine hơn trà. Cả hai loại thức uống này đều có các <a href=\"https://43factory.coffee/news/nhung-loi-ich-khong-the-bo-qua-khi-uong-mot-ly-ca-phe-buoi-sang/\">công dụng</a> tuyệt vời với sức khỏe con người, giúp hạn chế nguy cơ mắc nhiều loại bệnh. Tuy nhiên mọi người cũng nên chú ý hàm lượng caffeine để không vượt ngưỡng an toàn.</p><p>&nbsp;</p><h2><strong>KHÔNG NÊN UỐNG QUÁ 400MG CAFFEINE/NGÀY</strong></h2><p>&nbsp;</p><p>Theo S.BS Lâm Vĩnh Niên – trưởng khoa dinh dưỡng – tiết chế, Bệnh viện Đại học Y dược TP.HCM, người trưởng thành không nên dùng quá 400mg caffeine/ngày. Phụ nữ có thai và đang cho con bú cần hỏi ý kiến chuyên gia y tế về việc dùng caffeine. Đối với trẻ em, Hội Nhi khoa Hoa Kỳ khuyến cáo không nên dùng các thức uống chứa chất kích thích đối với trẻ em và trẻ vị thành niên.</p><p>Tổ chức Y tế thế giới (WHO) không xếp caffeine vào nhóm các chất gây nghiện. Đến nay vẫn không có dấu hiệu gì rõ ràng chứng minh caffeine nguy hại đến sức khỏe, ngay cả những trường hợp sử dụng thường xuyên caffein trong thời gian dài.</p><p>Trên đây, <a href=\"https://43factory.coffee/\">43 Factory Coffee Roaster</a> vừa gửi đến bạn đọc hàm lượng caffeine có trong trà, cà phê. Qua đó, chúng ta có thể thấy có nhiều loại đồ uống chứa caffeine chứ không chỉ mỗi cà phê. Những ai nhạy cảm với chất này nên chú ý để kiểm soát hàm lượng.</p>', 'post_1.jpg', '2023-07-20', 10),
(2, 'TẠI SAO GESHA PANAMA LÀ CÀ PHÊ ĐẮT NHẤT THẾ GIỚI?', '<p><strong>“Gesha Panama là cà phê đắt nhất thế giới”</strong> là một sự thật đã được công nhận từ nhiều năm nay. Những con số biết nói tại các cuộc đấu giá cà phê nhân xanh Best of Panama chính là một khúc ca về giá cả của loại cà phê thượng hạng Gesha. Tại sao lại là khúc ca? Bởi giá cao cũng phần nào thể hiện được rằng hạt cà đó có giá trị hoặc đơn giản hơn là được nhiều người yêu thích. Trong bài viết này, hãy cùng<strong> 47 Factory Coffee Roaster</strong> lý giải tại sao Gesha Panama là cà phê đắt nhất thế giới.</p>', '<p><strong>– FIND THE ORIGIN –&nbsp;</strong></p><p><strong>“Gesha Panama là cà phê đắt nhất thế giới”</strong> là một sự thật đã được công nhận từ nhiều năm nay. Những con số biết nói tại các cuộc đấu giá cà phê nhân xanh Best of Panama chính là một khúc ca về giá cả của loại cà phê thượng hạng Gesha. Tại sao lại là khúc ca? Bởi giá cao cũng phần nào thể hiện được rằng hạt cà đó có giá trị hoặc đơn giản hơn là được nhiều người yêu thích. Trong bài viết này, hãy cùng<strong> 47 Factory Coffee Roaster</strong> lý giải tại sao Gesha Panama là cà phê đắt nhất thế giới.</p><h2><strong>GESHA PANAMA LÀ CÀ PHÊ ĐẮT NHẤT THẾ GIỚI</strong></h2><p>&nbsp;</p><p><img src=\"https://43factory.coffee/wp-content/uploads/2022/10/202210200757-Gesha-Panama-ca-phe-dat-nhat-the-gioi-05.jpg\" alt=\"Gesha Panama là cà phê đắt nhất thế giới\" srcset=\"https://43factory.coffee/wp-content/uploads/2022/10/202210200757-Gesha-Panama-ca-phe-dat-nhat-the-gioi-05.jpg 563w, https://43factory.coffee/wp-content/uploads/2022/10/202210200757-Gesha-Panama-ca-phe-dat-nhat-the-gioi-05-169x300.jpg 169w\" sizes=\"100vw\" width=\"300\">Đây không phải là một câu hỏi, mà là sự khẳng định. Hiện nay Gesha Panama đang là giống cà phê đắt nhất thế giới. Các mức giá của loại cà phê này đang leo thang theo từng năm và từng bước tự đạp đổ kỷ lục về giá của mình để tạo nên một con số lớn hơn. Vào năm 2021, đã có loại Gesha có được mức giá 2.560 USD/pound.</p><p>Để hiểu thêm về những bước tiến về già của loại cà phê này, mời các bạn tham khảo bài viết: <a href=\"https://43factory.coffee/news/gia-ca-phe-gesha-pha-vo-ky-luc-tai-panama/\">GIÁ CÀ PHÊ GESHA PHÁ VỠ KỶ LỤC TẠI PANAMA</a></p><p>Khi một hạt cà nào đó được gắn lên những cái mác nối bật, nó sẽ bị săm soi nhiều hơn và Gesha Panama cũng không phải là ngoại lệ. Vì là loại cà phê đắt giá nhất hành tinh, nên nó “được” mọi người đánh giá, quan tâm nhiều về hương vị, về quá trình sơ chế,… Và đương nhiên điều này không có gì là quá đáng khi cây cao thường đón nhiều gió.</p><p>&nbsp;</p><h2><strong>TẠI SAO GESHA PANAMA LÀ CÀ PHÊ ĐẮT NHẤT THẾ GIỚI?</strong></h2><p>&nbsp;</p><p>Đối với những người yêu cà, Gesha chắc chắn không phải là một cái tên xa lạ. Trong giới cà phê, Gesha Panama như một cô hoa hậu kiêu sa, là sự hiện diện của những điều đẹp đẽ và “chất lượng”. Vậy còn những người đang chập chững những bước đầu trong việc thưởng thức hạt cà hay với những người chỉ nổi hứng lên muốn uống một tách cà thôi thì sao? Không phải tất cả, nhưng có lẽ là số nhiều sẽ “chê” giống cà này đắt quá. Để 47 Factory Coffee Roaster minh oan cho Gesha (hoặc Geisha theo cách gọi của một số người).</p><p><strong>Các tiêu chuẩn canh tác khắt khe</strong></p><p>Các bạn có biết tại sao kim cương lại đắt không? Đó chính là do quá trình tạo ra nó rất khó khăn, chúng chỉ được hình thành ở nhiệt độ cao và áp lực xảy ra trong lớp vỏ Trái Đất khoảng 100 dặm bên dưới bề mặt của Trái đất. Quá trình tạo ra Gesha cũng tương tự như vậy, tất nhiên là không quá “kinh khủng” như thế nhưng nó cũng phải tuân thủ những tiêu chuẩn mà không phải ở đâu cũng có thể làm được.</p><p><i><strong><img src=\"https://43factory.coffee/wp-content/uploads/2022/10/202210200757-Gesha-Panama-ca-phe-dat-nhat-the-gioi-03.jpg\" alt=\"Gesha Panama là cà phê đắt nhất thế giới\" srcset=\"https://43factory.coffee/wp-content/uploads/2022/10/202210200757-Gesha-Panama-ca-phe-dat-nhat-the-gioi-03.jpg 563w, https://43factory.coffee/wp-content/uploads/2022/10/202210200757-Gesha-Panama-ca-phe-dat-nhat-the-gioi-03-169x300.jpg 169w\" sizes=\"100vw\" width=\"300\">Gesha là một loại cây khó trồng</strong></i></p><p>So với những giống cà phê khác, lá của nó mỏng hơn rất nhiều, điều đó có nghĩa là khả năng quang hợp của nó cũng kém hơn. Hơn nữa khả năng hấp thụ chất dinh dưỡng của rễ cũng bị đánh giá là kém. Gesha như một đứa trẻ kén ăn, khả năng quang hợp lẫn hấp thụ dinh dưỡng đều thấp hơn hẳn những loại khác. Chính vì điều đó mà sản lượng của nó cũng thấp như một lẽ dĩ nhiên. Một nhà máy Gesha chỉ sản xuất được sản lượng bằng một nửa hạt cà Catuai mà họ làm.</p><p><i><strong>Độ cao</strong></i></p><p>Độ cao là điều quan trọng trong việc tạo nên hương vị của một hạt cà bất kỳ. Để có được hạt cà Gesha đậm hương, người nông dân phải trồng nó ở độ cao 1700m so với mực nước biển. Tại trang trại Elida Estate, giống cà này còn được trồng ở độ cao 1700 – 1950m so với mực nước biển. Với độ cao như vậy thì việc chăm sóc nó đã không phải là điều đơn giản. Và vì vậy nên nó cũng không thể được trồng một cách đại trà, mà chỉ có thể thành “đặc sản” của một số vùng mà thôi. Chưa kể đến việc chăm sóc, riêng quá trình vận chuyển nó từ vườm ươm lên đồi cao cũng đã là một bài toán khó. Trong khi vận chuyển, người nông dân có thể làm chết 20% chồi non.&nbsp;</p><p><i><strong>Không gian để phát triển</strong></i></p><p>Một cây Gesha cần nhiều không gian để phát triển hơn những loại cây khác. Một hecta đất chỉ trồng được 1.200 cây Gesha, trong khi nhiều loại cà phê khác có thể trồng đến 8.000 cây.</p><p><i><strong>Thời gian thu hoạch</strong></i></p><p>Trong khi cà phê bình thường chỉ mất 3-4 năm là ra hoa, Gesha nhẩn nha tận 8 năm mới chịu bói quả. Mỗi chùm của nó cũng chỉ đậu được có vài trái. Tuy càng ở vùng đất cao, nghèo oxy thì càng ngon nhưng nó cũng sinh trưởng chậm, dễ gặp tình trạng còi cọc, chết sớm.</p><p>Chính vì vậy trồng Gesha là một món quà cũng là một thách thức với người nông dân.</p><p><strong>Bản giao hưởng hương vị hoàn hảo, độc đáo</strong></p><p><img src=\"https://43factory.coffee/wp-content/uploads/2022/10/202210200757-Gesha-Panama-ca-phe-dat-nhat-the-gioi-02.jpg\" alt=\"Gesha Panama là cà phê đắt nhất thế giới\" srcset=\"https://43factory.coffee/wp-content/uploads/2022/10/202210200757-Gesha-Panama-ca-phe-dat-nhat-the-gioi-02.jpg 563w, https://43factory.coffee/wp-content/uploads/2022/10/202210200757-Gesha-Panama-ca-phe-dat-nhat-the-gioi-02-169x300.jpg 169w\" sizes=\"100vw\" width=\"300\">Điều kiện canh tác ngặt nghèo khiến việc gieo trồng Gesha trở nên khó khăn nhưng cũng tặng cho cô nàng cà phê đỏng đảnh này một thức vị đặc biệt, lôi cuốn với những tầng hương khác nhau, vừa rõ ràng lại vừa quyện hòa.</p><p>Chỉ với một ly Gesha Panam, bạn sẽ được dạo chơi trên cánh đồng hương vị bất tận. Vị hoa quả đến từ từ, không ồ ạt, hết tầng hương này đến tầng hương khác mà hậu vị day dứt sẽ khiến bạn bần thần hồi lâu.</p><p>Nhấp nhẹ ngụm đầu tiên, bạn sẽ cảm nhận được một bó hoa phong phú đang nở rộ trong miệng của mình với các hương hoa dâm bụt, hoa nhài và thậm chí cả hoa oải hương – những nốt hương ngọt ngào.</p><p>Không chỉ có hương hoa, Gesha còn dẫn dắt bạn đến miệt vườn trĩu quả với loại trái cây họ cam quýt như cam, bưởi hồng, cùng với vị chua thanh thanh của trà hoa đào. Khi tách cà đã giảm nhiệt độ, trở nên nguội đi, hương vị của nó cũng sẽ thay đổi, bạn sẽ cảm nhận qua hương vị của khu vườn trái cây nhiệt đới mượt mà và ngọt ngào hơn.</p><p>Nếu chỉ có vậy thì thức cà đắt đỏ này vẫn chưa khiến mọi người phải sửng sốt. Hương hoa, vị trái cây qua đi nhưng ly cà phê vẫn quanh quẩn đâu đây bởi hậu vị nhẹ nhàng như những ngón tay thon dài đang mơn trớn cảm xúc của con người. Cà phê trôi xuống cổ họng và cồn lại dư vị thoang thoảng trong vòm miệng những tầng hương rõ rệt và dày đặc khiến bạn thỏa mãn từ man mát the nhẹ như kem một chút vị trà assam (một loại trà đen Ấn Độ) và chanh mật ong, cuối cùng giống như một chiếc bánh pudding bơ hảo hạng.</p><p><strong>Chuyến hành trình vận chuyển xa xôi</strong></p><p><img src=\"https://43factory.coffee/wp-content/uploads/2022/10/202210200757-Gesha-Panama-ca-phe-dat-nhat-the-gioi-04.jpg\" alt=\"Gesha Panama là cà phê đắt nhất thế giới\" srcset=\"https://43factory.coffee/wp-content/uploads/2022/10/202210200757-Gesha-Panama-ca-phe-dat-nhat-the-gioi-04.jpg 563w, https://43factory.coffee/wp-content/uploads/2022/10/202210200757-Gesha-Panama-ca-phe-dat-nhat-the-gioi-04-169x300.jpg 169w\" sizes=\"100vw\" width=\"300\"></p><p>Từ vùng đất <a href=\"https://vi.wikipedia.org/wiki/Panama\">Panama</a> ngút ngàn bên kia đại dương, Gesha đi một chặng dài vượt biển, vượt núi để đến với phố thị. Quá trình vận chuyển phải vừa nhanh vừa đảm bảo giữ nguyên được hương vị của hạt cà mà không khiến chúng bị hỏng, bị tác động bởi các điều kiện xung quanh luôn khiến các nhà cung ứng phải đau đầu. Công việc của họ là bảo vệ những hạt cà “mười phân vẹn mười” và trao nó đến tận tay khách hàng thân yêu.&nbsp;</p><p>Như vậy, từ một hạt mầm, Gesha phát triển thành cây trưởng thành, cho ra những quả đạt chuẩn, được sơ chế, được phơi khô dưới ánh nắng mặt trời 8 tiếng, rồi lại trải qua một chặng đường đằng đẵng để đến được các nhà rang xay với mục đích gửi gắm thứ hương vị mới lạ cho những người bạn quý. Đó quả là một chuỗi hành trình với sự cố gắng không ngừng của nhiều người.</p><p>Vậy thì, bạn còn cảm thấy ly cà phê Gesha quá đắt đỏ nữa không? Gesha với sự nỗ lực ủ hương có xứng đáng có được mức giá ấy? Những người nông dân bám núi bám đồi cao có xứng đáng được nhận những “đồng lương” cao để tiếp tục tình yêu với nghề và trước hết là đảm bảo cuộc sống của mình?</p><p>&nbsp;</p><h2><strong>47 FACTORY COFFEE ROASTER VINH HẠNH ĐƯỢC ĐỒNG HÀNH CÙNG GESHA PANAMA</strong></h2><p>&nbsp;</p><p>Vì giá thành quá cao nên tại Việt Nam không có nhiều cơ sở lựa chọn giống cà này. Nhưng với niềm đam mê to lớn với hạt cà cũng như giấc mơ mang đến cho người dùng những hương vị tốt nhất, Xưởng đã quyết định chọn Gesha Panama là người bạn của mình trong thời gian tới.&nbsp;</p><p>Là một nhà rang với tôn chỉ “Find the origin” và sự tôn trọng tuyệt đối với cội nguồn của từng hạt cà, Xưởng cam kết mang đến cho người dùng những ly Gesha Panama nguyên bản nhất. Bằng phương pháp rang light roaster, những hương vị tinh túy, đa dạng bản sắc bên trong Gesha sẽ được giữ nguyên và nở rộ. Thông qua mỗi tách cà, các bạn có thể cảm nhận được điều kiện thổ nhưỡng, từng ngọn gió lướt qua tại vùng trồng Ethiopia.</p><p><a href=\"https://43factory.coffee/news/\">Chuyên mục Tin Tức</a> vừa gửi đến bạn đọc những thông tin khách quan về giá cà phê Gesha Panama. Hãy đến <a href=\"https://43factory.coffee/\"><strong>47 Factory Coffee Roaster</strong></a> để cảm nhận nhiều hơn nữa. Bài viết này chỉ là lời mở đầu về một hạt cà quý, những xúc cảm sâu lắng hơn thì đợi mọi người tự viết nên cho mình. Sau khi thưởng thức, hi vọng rằng mỗi người bạn sẽ gửi lại cho Xưởng một câu trả lời cho câu hỏi “Tại sao Gesha Panama là cà phê đắt nhất thế giới?”&nbsp;</p>', 'post_2.jpg', '2023-07-20', 8),
(3, 'THỜI ĐIỂM UỐNG CÀ PHÊ TỐT CHO PHỔI CÓ THỂ BẠN CHƯA BIẾT', '<p><strong>Thời điểm uống cà phê</strong> có thể làm thay đổi công dụng của nó với sức khỏe con người. Trong các thời gian khác nhau, cà phê có thể đem lại những lợi ích khác biệt, thậm chí còn có thể gây nguy hại cho con người nếu không được sử dụng đúng cách. Vậy khi nào uống cà phê tốt cho phổi? Những người bị bệnh phổi có nên uống cà phê hay không?</p>', '<h2><strong>UỐNG CÀ PHÊ LÀM GIẢM TẠM THỜI CÁC TRIỆU CHỨNG HEN SUYỄN</strong></h2><p>&nbsp;</p><p>Caffeine trong cà phê có tác dụng tương tự thuốc giãn phế quản tên là theophylline. Đây là một loại thuốc cũ dùng để điều trị thở khò khè, tức ngực, giúp mở đường thở và cải thiện chức năng phổi cho người bệnh hen suyễn. Dùng một lượng vừa phải caffeine trước khi tập thể dục còn giúp làm giảm các triệu chứng của bệnh hen suyễn. Những hiệu ứng này chỉ là tạm thời, chỉ kéo dài 2-4 giờ và không có tác dụng ngay sau khi uống.</p><figure class=\"image\"><img src=\"https://43factory.coffee/wp-content/uploads/2023/07/202307031004-2.jpg\" alt=\"Thời điểm uống cà phê tốt cho phổi có thể bạn chưa biết\" srcset=\"https://43factory.coffee/wp-content/uploads/2023/07/202307031004-2.jpg 800w, https://43factory.coffee/wp-content/uploads/2023/07/202307031004-2-300x254.jpg 300w, https://43factory.coffee/wp-content/uploads/2023/07/202307031004-2-768x649.jpg 768w, https://43factory.coffee/wp-content/uploads/2023/07/202307031004-2-600x507.jpg 600w\" sizes=\"100vw\" width=\"800\"></figure><p><i>Cà phê có thể làm giảm các triệu chứng hen suyễn trong thời gian ngắn nhưng không nên lạm dụng</i></p><p>Tuy nhiên, theo khuyến cáo của bác sĩ, người bệnh hen suyễn không nên sử dụng cà phê như một phương pháp điều trị bệnh do caffeine cũng có thể gây nhịp tim nhanh, khó ngủ, căng thẳng và kích động, trào ngược dạ dày hoặc ợ nóng. Đây đều là những tác nhân gây ra các triệu chứng hen suyễn hoặc khiến bệnh tiến triển nặng.</p><p>&nbsp;</p><h2><strong>UỐNG NHIỀU CÀ PHÊ CÓ THỂ GÂY HO</strong></h2><p>&nbsp;</p><p>Caffeine khiến môi trường khoang miệng bị mất nước nhẹ, gây khô miệng, có thể làm kích ứng họng, gây ho. Ở một số người có cơ địa dị ứng, cà phê có thể làm tăng tiết chất nhầy ở cổ họng sau khi uống, gây phản xạ ho kèm theo các phản ứng khác như tiêu chảy, buồn nôn, nôn, co thắt dạ dày, phát ban, nổi mề đay… Theo Học viện Dị ứng Hen suyễn và Miễn dịch học Mỹ, những biểu hiện này thường xuất hiện trong vòng vài phút sau khi tiêu thụ caffeine.</p><figure class=\"image\"><img src=\"https://43factory.coffee/wp-content/uploads/2023/07/202307031004-1.jpg\" alt=\"Thời điểm uống cà phê tốt cho phổi có thể bạn chưa biết\" srcset=\"https://43factory.coffee/wp-content/uploads/2023/07/202307031004-1.jpg 800w, https://43factory.coffee/wp-content/uploads/2023/07/202307031004-1-300x253.jpg 300w, https://43factory.coffee/wp-content/uploads/2023/07/202307031004-1-768x648.jpg 768w, https://43factory.coffee/wp-content/uploads/2023/07/202307031004-1-600x506.jpg 600w\" sizes=\"100vw\" width=\"800\"></figure><p><i>Uống nhiều cà phê có thể làm nặng tình trạng ho khan</i></p><p>Ngoài ra, tiêu thụ lượng lớn cà phê cũng có thể kích thích dạ dày tăng tiết axit dịch vị, suy yếu cơ vòng thực quản dưới dẫn đến tình trạng trào ngược dạ dày thực quản. Ước tính đây là nguyên nhân gây ra khoảng 25% các trường hợp ho mạn tính (kéo dài trên 8 tuần). Điều này xảy ra theo 2 cơ chế: axit trào ngược vào thực quản khiến cơ thể sinh ra phản xạ ho; hoặc dịch trào ngược di chuyển lên trên và đi vào đường thở, gây kích thích ho. Trào ngược thanh quản có thể gây kích ứng phổi và cổ họng, khiến người bệnh hô hấp thở khò khè, ho và tiết nhầy. Uống nhiều cà phê thường xuyên gây trào ngược axit kéo dài cũng dễ bị viêm họng, thanh quản, khiến người bệnh ho nhiều.</p><p>&nbsp;</p><h2><strong>THỜI ĐIỂM UỐNG CÀ PHÊ TỐT CHO PHỔI</strong></h2><p>&nbsp;</p><p>Thời điểm uống cà phê tốt cho phổi là giữa buổi sáng khoảng 9-11 giờ. Caffeine sẽ làm tăng nồng độ hormone cortisol, giúp tăng cường sự tỉnh táo và tập trung.</p><p>Trên đây, <a href=\"https://43factory.coffee/\">43 Factory Coffee Roaster</a> đã giúp bạn đọc chỉ ra thời điểm uống cà phê tốt cho phổi. Bên cạnh đó, những người bị ho, có vấn đề về phổi hay đang ốm thì nên hạn chế uống cà phê để đảm bảo sự bình phục sức khỏe. Theo dõi chúng tôi để không bỏ lỡ các thông tin hữu ích khác.</p>', 'post_3.jpg', '2023-07-31', 0),
(4, 'KHÁM PHÁ 4 KHUNG GIỜ VÀNG UỐNG CÀ PHÊ TỐI ĐA HÓA L', '<p>Thời điểm uống cà phê có thể tạo nên các tác động khác nhau đến cơ thể, có thể tốt hoặc xấu. Các bạn đã biết <strong>4 khung giờ vàng uống cà phê tối đa hóa lợi ích</strong> chưa? Các nghiên cứu đã chứng minh thức uống mang vị đắng này có thể giúp con người khỏe mạnh hơn nhưng điều này có thể thay đổi nếu không sử dụng đúng lúc</p>', '<h2><strong>4 KHUNG GIỜ UỐNG CÀ PHÊ CÓ LỢI CHO SỨC KHỎE</strong></h2><p>&nbsp;</p><p>Để cà phê phát huy hết những tác dụng của nó, người dùng có thể uống vào một trong bốn khung giờ sau:&nbsp;</p><p><strong>Từ 10 giờ – 11 giờ 30:</strong></p><p>Các bạn không nên uống cà phê vào lúc sáng sớm khi chưa ăn gì. Điều này không tốt cho sức khỏe, có thể gây nên tình trạng buồn nôn, căng thẳng.&nbsp;Bởi lúc này, các cơ quan trong cơ thể vẫn chưa hoạt động ổn định, hormone căng thẳng cortisol vẫn đang tăng cao nên nếu uống cà phê ngay sẽ khiến đẩy mức căng thẳng lên cao hơn. Cơ thể sẽ rơi vào trạng thái bồn chồn, lo lắng, hồi hộp, choáng váng, bủn rủn chân tay, khó tập trung làm việc được.</p><p><img src=\"https://43factory.coffee/wp-content/uploads/2023/04/202304240852-2.jpg\" alt=\"Khám phá 4 khung giờ vàng uống cà phê tối đa hóa lợi ích\" srcset=\"https://43factory.coffee/wp-content/uploads/2023/04/202304240852-2.jpg 800w, https://43factory.coffee/wp-content/uploads/2023/04/202304240852-2-253x300.jpg 253w, https://43factory.coffee/wp-content/uploads/2023/04/202304240852-2-768x910.jpg 768w, https://43factory.coffee/wp-content/uploads/2023/04/202304240852-2-600x711.jpg 600w\" sizes=\"100vw\" width=\"800\"><i>Không nên uống cà phê ngay khi vừa thức dậy</i></p><p>Theo các chuyên gia dinh dưỡng, thời điểm uống cà phê tốt nhất là 10 – 11 giờ 30 sau khi đã ăn sáng. Vào lúc này, hormone căng thẳng thấp, một ly cà phê sẽ giúp bạn lấy lại sự tập trung.&nbsp;</p><p><strong>30 phút sau khi ăn</strong></p><p>Một trong những lợi ích của cà phê là hỗ trợ tiêu hóa. Các bạn có thể uống sau khi ăn 30 phút, vừa có lợi cho hệ tiêu hóa vừa giúp ngăn ngừa các tình trạng như khó tiêu, đầy hơi, chướng bụng.</p><p><strong>Từ 13 giờ – 15 giờ</strong></p><p>Từ sau 13 giờ chiều thì hormone căng thẳng cortisol bắt đầu giảm xuống. Đây là lí do khiến bạn lúc nào cũng trong tình trạng lờ đờ, buồn ngủ, mệt mỏi, không có năng lượng làm việc. Cà phê có tác dụng thúc đẩy cơ thể sản sinh lượng hormone căng thẳng, nhờ đó tạo nên sự tỉnh táo, có nhiều năng lượng để làm việc.&nbsp;</p><p>Tuy nhiên, để tốt cho sức khỏe, các bạn không nên quá lạm dụng điều này, chỉ nên uống 1-2 cốc cà phê.</p><p><strong>Trước khi tập thể dục 30 phút</strong></p><p>Sau khi ăn bữa nhẹ, các bạn có thể uống thêm cà phê 30 phút trước buổi tập để làm tăng quá trình trao đổi chất, và đốt cháy nhiều calo hơn, giúp cho việc luyện tập đạt kết quả tốt hơn. Chỉ nên uống cà phê đen nguyên chất, đừng cho thêm chất béo như đường, sữa,… Vì chúng có hàm lượng calo cao, sẽ khiến buổi tập của các bạn trở nên vô ích.</p><p>&nbsp;</p><h2><strong>CÀ PHÊ MANG ĐẾN LỢI ÍCH SỨC KHỎE GÌ?</strong></h2><p>&nbsp;</p><p><img src=\"https://43factory.coffee/wp-content/uploads/2023/04/202304240852-3.jpg\" alt=\"Khám phá 4 khung giờ vàng uống cà phê tối đa hóa lợi ích\" srcset=\"https://43factory.coffee/wp-content/uploads/2023/04/202304240852-3.jpg 800w, https://43factory.coffee/wp-content/uploads/2023/04/202304240852-3-300x254.jpg 300w, https://43factory.coffee/wp-content/uploads/2023/04/202304240852-3-768x649.jpg 768w, https://43factory.coffee/wp-content/uploads/2023/04/202304240852-3-600x507.jpg 600w\" sizes=\"100vw\" width=\"800\"><i>Cà phê chứa đựng nhiều mặt lợi cho sức khỏe con người</i></p><p>Nếu được sử dụng <a href=\"https://43factory.coffee/news/cach-uong-ca-phe-tot-cho-suc-khoe-theo-y-kien-chuyen-gia/\"><strong>đúng cách</strong></a>, đúng liều lượng, cà phê không chỉ giúp con người tăng cường sức đề kháng mà còn giảm nguy cơ mắc một số bệnh nguy hiểm.&nbsp;</p><p>Đầu tiên, dễ nhận thấy nhất chính là tác dụng kích thích sự tỉnh táo. Caffeine trực tiếp kích thích tủy sống và vỏ não, giúp người dùng cảm thấy tỉnh táo.</p><p>Tiếp đến, cà phê còn có thể giúp bạn chống lại ung thư và các loại bệnh khác. Một nghiên cứu được công bố vào tháng 5.2017 cho thấy những người uống một tách cà phê mỗi ngày có nguy cơ mắc ung thư gan thấp hơn 20% và uống 2 tách mỗi ngày giúp giảm 35%. Các nghiên cứu sâu hơn cho thấy 5 tách cà phê giúp giảm đến 50% nguy cơ ung thư gan. Chất chống ô xy hóa tự nhiên này cũng có thể giúp giảm 50% nguy cơ ung thư miệng bằng cách bảo vệ chống lại các khối u trong miệng, theo Health News. Các nghiên cứu khác báo cáo rằng cà phê cũng có thể chống lại ung thư đại trực tràng.</p><p>Ngoài ra, caffeine trong cà phê còn tăng cường khả năng hoạt động, hỗ trợ quá trình giảm cân. Một ly cà phê đen nguyên chất ít calo sẽ giúp bạn có thể thực hiện các bài tập nặng hơn mà không thấy uể oải, mệt mỏi, giảm tình trạng đau cơ.&nbsp;</p>', 'post_4.jpg', '2023-07-17', 1),
(5, 'NHỮNG LỢI ÍCH KHÔNG THỂ BỎ QUA KHI UỐNG CÀ PHÊ VÀO', '<p><strong>Một ly cà phê vào buổi sáng và những lợi ích không thể bỏ qua</strong> là gì? Uống cà phê điều độ mang đến nhiều lợi ích cho sức khỏe con người. Một ly cà phê buổi sáng sẽ mang đến những điều tích cực gì?</p>', '<p>&nbsp;</p><h2><strong>CÓ NÊN UỐNG CÀ PHÊ VÀO BUỔI SÁNG?</strong></h2><p>&nbsp;</p><figure class=\"image image-style-side\"><img src=\"https://43factory.coffee/wp-content/uploads/2022/12/202212140700-Loi-ich-suc-khoe-trong-mot-tach-ca-phe-buoi-sang-04.jpg\" alt=\"Lợi ích sức khoẻ trong một tách cà phê buổi sáng\" srcset=\"https://43factory.coffee/wp-content/uploads/2022/12/202212140700-Loi-ich-suc-khoe-trong-mot-tach-ca-phe-buoi-sang-04.jpg 808w, https://43factory.coffee/wp-content/uploads/2022/12/202212140700-Loi-ich-suc-khoe-trong-mot-tach-ca-phe-buoi-sang-04-202x300.jpg 202w, https://43factory.coffee/wp-content/uploads/2022/12/202212140700-Loi-ich-suc-khoe-trong-mot-tach-ca-phe-buoi-sang-04-689x1024.jpg 689w, https://43factory.coffee/wp-content/uploads/2022/12/202212140700-Loi-ich-suc-khoe-trong-mot-tach-ca-phe-buoi-sang-04-768x1141.jpg 768w, https://43factory.coffee/wp-content/uploads/2022/12/202212140700-Loi-ich-suc-khoe-trong-mot-tach-ca-phe-buoi-sang-04-600x891.jpg 600w\" sizes=\"100vw\" width=\"280\"></figure><p>Nhiều người có thói quen khởi động ngày mới của mình bằng một ly cà phê. Đây chính là một thói quen tốt. Cà phê sẽ giúp bạn có sự tỉnh táo để bắt đầu làm việc có hiệu quả. Tuy nhiên hãy nên uống cà phê sau khi đã ăn no, không nên uống vào lúc đói.&nbsp;</p><p>Uống cà phê khi bụng đói còn có thể làm tăng nồng độ hormone căng thẳng cortisol tạm thời. Cortisol được sản xuất bởi tuyến thượng thận và giúp điều chỉnh sự trao đổi chất, huyết áp và lượng đường trong máu. Việc tăng quá mức, kéo dài nồng độ hormone này có thể gây ra các vấn đề sức khỏe bao gồm mất xương, huyết áp cao, tiểu đường loại hai và bệnh tim.</p><p>Do đó, uống cà phê vào buổi sáng sẽ mang lại những giá trị sức khỏe nhưng chỉ khi bạn uống đúng cách – sau khi ăn. Đừng nên để bụng rỗng uống cà phê nhé!</p><p>&nbsp;</p><h2><strong>UỐNG CÀ PHÊ VÀO BUỔI SÁNG CÓ TÁC DỤNG GÌ?</strong></h2><p>&nbsp;</p><p>1 ly cà phê vào buổi sáng có thể mang đến những tác dụng không ngờ.&nbsp;</p><p>&nbsp;</p><figure class=\"image image-style-side\"><img src=\"https://43factory.coffee/wp-content/uploads/2022/12/202212140651-Loi-ich-suc-khoe-trong-mot-tach-ca-phe-buoi-sang-03.jpg\" alt=\"Lợi ích sức khoẻ trong một tách cà phê buổi sáng\" srcset=\"https://43factory.coffee/wp-content/uploads/2022/12/202212140651-Loi-ich-suc-khoe-trong-mot-tach-ca-phe-buoi-sang-03.jpg 808w, https://43factory.coffee/wp-content/uploads/2022/12/202212140651-Loi-ich-suc-khoe-trong-mot-tach-ca-phe-buoi-sang-03-202x300.jpg 202w, https://43factory.coffee/wp-content/uploads/2022/12/202212140651-Loi-ich-suc-khoe-trong-mot-tach-ca-phe-buoi-sang-03-689x1024.jpg 689w, https://43factory.coffee/wp-content/uploads/2022/12/202212140651-Loi-ich-suc-khoe-trong-mot-tach-ca-phe-buoi-sang-03-768x1141.jpg 768w, https://43factory.coffee/wp-content/uploads/2022/12/202212140651-Loi-ich-suc-khoe-trong-mot-tach-ca-phe-buoi-sang-03-600x891.jpg 600w\" sizes=\"100vw\" width=\"280\"></figure><h3><strong>UỐNG CÀ PHÊ VÀO BUỔI SÁNG GIÚP TĂNG KHẢ NĂNG VẬN ĐỘNG</strong></h3><p>&nbsp;</p><p>Lượng caffeine trong cà phê giúp nâng cao hiệu suất thể chất của bạn và giảm mệt mỏi do tập thể dục đáng kể. Hãy thử uống một ly cà phê vào buổi sáng (sau khi ăn) trước khi tập thể dục và xem thử những thay đổi tích cực trong đó.</p><p>&nbsp;</p><h3><strong>UỐNG CÀ PHÊ VÀO BUỔI SÁNG TĂNG KHẢ NĂNG TẬP TRUNG, TĂNG NĂNG LƯỢNG</strong></h3><p>&nbsp;</p><p>Caffeine trong cà phê tương tác với chất adenosine trong não của chúng ta làm giảm cảm giác mệt mỏi.</p><p>Chỉ sau 15 phút uống cà phê, nồng độ caffeine trong máu sẽ cao hơn. Chính vì vậy, thay vì lựa chọn các loại thức uống khác hãy chọn cà phê cho một buổi sáng tràn đầy năng lượng.</p><p>&nbsp;</p><figure class=\"image image-style-side\"><img src=\"https://43factory.coffee/wp-content/uploads/2022/12/202212140651-Loi-ich-suc-khoe-trong-mot-tach-ca-phe-buoi-sang-02.jpg\" alt=\"Lợi ích sức khoẻ trong một tách cà phê buổi sáng\" srcset=\"https://43factory.coffee/wp-content/uploads/2022/12/202212140651-Loi-ich-suc-khoe-trong-mot-tach-ca-phe-buoi-sang-02.jpg 808w, https://43factory.coffee/wp-content/uploads/2022/12/202212140651-Loi-ich-suc-khoe-trong-mot-tach-ca-phe-buoi-sang-02-202x300.jpg 202w, https://43factory.coffee/wp-content/uploads/2022/12/202212140651-Loi-ich-suc-khoe-trong-mot-tach-ca-phe-buoi-sang-02-689x1024.jpg 689w, https://43factory.coffee/wp-content/uploads/2022/12/202212140651-Loi-ich-suc-khoe-trong-mot-tach-ca-phe-buoi-sang-02-768x1141.jpg 768w, https://43factory.coffee/wp-content/uploads/2022/12/202212140651-Loi-ich-suc-khoe-trong-mot-tach-ca-phe-buoi-sang-02-600x891.jpg 600w\" sizes=\"100vw\" width=\"280\"></figure><h3><strong>MỘT LY CÀ PHÊ VÀO BUỔI SÁNG HỖ TRỢ GIẢM CÂN</strong></h3><p>&nbsp;</p><p>Kết quả của nhiều nghiên cứu cho thấy, uống cà phê có liên quan đến việc giảm mỡ, đặc biệt là ở nam giới. Các nghiên cứu thực hiện trên động vật cũng cho kết quả tương tự. Một nghiên cứu thú vị khác chỉ ra rằng, axit chlorogenic trong cà phê là một chất có tác dụng mạnh trong việc giảm trọng lượng cơ thể. Vì vậy, đây có thể lựa chọn đồ uống thích hợp cho những người muốn sở hữu thân hình mảnh mai hơn.</p><p>&nbsp;</p><h3><strong>UỐNG CÀ PHÊ VÀO BUỔI SÁNG GIẢM NGUY CƠ MẮC TIỂU ĐƯỜNG</strong></h3><p>&nbsp;</p><p>Một nghiên cứu đã chỉ ra rằng caffeine làm giảm nguy cơ mắc bệnh tiểu đường. Chỉ cần một vài tách cà phê mỗi ngày có thể giúp giảm đến 42% nguy cơ mắc bệnh này. Trong một nghiên cứu khác, cà phê có chứa caffeine cho thấy có tác động tích cực đến việc giảm nguy cơ phát triển bệnh tiểu đường loại II.</p><p>&nbsp;</p><h2><strong>NHỮNG NGƯỜI KHÔNG NÊN UỐNG CÀ PHÊ</strong></h2><p>&nbsp;</p><p>Chúng ta không thể phủ nhận những lợi ích tuyệt vời mà một ly cà phê vào buổi sáng mang lại, thế nhưng đối với những người mắc một số bệnh lý sau thì không nên uống cà phê.</p><p>– Người bị tiêu chảy</p><p>– Người bị rối loạn giấc ngủ</p><p>– Người bị trào ngược dạ dày</p><p>– Người bị hội chứng kích thích ruột</p><p>– Người bị cườm nước</p><p>– Người bị động kinh</p><p>Để biết rõ hơn, mời các bạn tham khảo bài viết: <a href=\"https://43factory.coffee/?post_type=news&amp;p=9423&amp;preview=true\">Những người không nên uống cà phê</a></p><p>Trên đây <a href=\"https://43factory.coffee/\"><strong>43 Factory Coffee Roaster</strong></a> đã cung cấp cho bạn đọc những giá trị sức khỏe của một ly cà phê vào buổi sáng. Theo dõi chúng tôi để biết thêm các thông tin cà phê hữu ích khác nhé!</p>', 'post_4.jpg', '2023-07-10', 1),
(6, 'CÀ PHÊ VÂN NAM TƯƠNG LAI TƯƠI SÁNG', '<p>Cà phê Vân Nam đang tiếp tục ghi dấu ấn tại Châu Âu, Úc, Mỹ và nhiều thị trường cà phê đặc sản khác. Các công ty như Square Mile ở London, 19 Grams ở Berlin, LaColombe ở Hoa Kỳ, và nhiều công ty khác đang chia sẻ những câu chuyện và giới thiệu thế giới với những con người tuyệt vời của Vân Nam.</p>', '<figure class=\"image\"><img src=\"https://43factory.coffee/wp-content/uploads/2020/08/202008100838-Harvest-4Photo-by-Bryon-Lippincott-for-e1584958512316.jpg\" alt=\"\" srcset=\"https://43factory.coffee/wp-content/uploads/2020/08/202008100838-Harvest-4Photo-by-Bryon-Lippincott-for-e1584958512316.jpg 1024w, https://43factory.coffee/wp-content/uploads/2020/08/202008100838-Harvest-4Photo-by-Bryon-Lippincott-for-e1584958512316-300x200.jpg 300w, https://43factory.coffee/wp-content/uploads/2020/08/202008100838-Harvest-4Photo-by-Bryon-Lippincott-for-e1584958512316-768x512.jpg 768w, https://43factory.coffee/wp-content/uploads/2020/08/202008100838-Harvest-4Photo-by-Bryon-Lippincott-for-e1584958512316-600x400.jpg 600w\" sizes=\"100vw\" width=\"800\"></figure><p><i>Photo: Bryon Lipponcott for YCT</i></p><p>Khi tôi hoàn thành việc rót nước lên ly cà phê YiWu Natural mới xay và nhấp ngụm đầu tiên, tôi được nhắc nhở rằng mình niềm vui khi thưởng thức một tách cà phê tuyệt vời không&nbsp; gì là điều kỳ diệu. Khi bạn xem xét hành trình của cà phê lấy từ nguồn gốc của nó đến tách cà phê của bạn, các điều kiện và cơ hội làm việc chống lại nó là bao la. Hai anh hùng của câu chuyện là người nông dân và người rang xay cà phê làm việc song song để cung cấp một sản phẩm đặc biệt mời người tiêu dùng tham gia và kể cho họ về cuộc hành trình này. Sự kết hợp của cả 2 trong ngành là điều tôi rất vinh dự để phấn đấu trong suốt thập kỷ qua khi làm việc trong lĩnh vực cà phê. Đi đầu trong việc sản xuất cà phê chất lượng đặc sản ở Vân Nam và chia sẻ điều này với thế giới đã là một vinh dự. Trong thời gian này, tôi đã thấy những tiến bộ tuyệt vời trên thực địa và các nhà rang xay trên toàn thế giới ghi nhận công việc khó khăn và đổi mới này.</p><p>Cà phê Vân Nam đang tiếp tục ghi dấu ấn tại Châu Âu, Úc, Mỹ và nhiều thị trường cà phê đặc sản khác. Các công ty như Square Mile ở London, 19 Grams ở Berlin, LaColombe ở Hoa Kỳ, và nhiều công ty khác đang chia sẻ những câu chuyện và giới thiệu thế giới với những con người tuyệt vời của Vân Nam.</p><figure class=\"image\"><img src=\"https://43factory.coffee/wp-content/uploads/2020/08/202008100838-RoastingPhoto-by-Julie-Roberson-e1584958415558.jpg\" alt=\"\" srcset=\"https://43factory.coffee/wp-content/uploads/2020/08/202008100838-RoastingPhoto-by-Julie-Roberson-e1584958415558.jpg 1024w, https://43factory.coffee/wp-content/uploads/2020/08/202008100838-RoastingPhoto-by-Julie-Roberson-e1584958415558-300x300.jpg 300w, https://43factory.coffee/wp-content/uploads/2020/08/202008100838-RoastingPhoto-by-Julie-Roberson-e1584958415558-150x150.jpg 150w, https://43factory.coffee/wp-content/uploads/2020/08/202008100838-RoastingPhoto-by-Julie-Roberson-e1584958415558-768x768.jpg 768w, https://43factory.coffee/wp-content/uploads/2020/08/202008100838-RoastingPhoto-by-Julie-Roberson-e1584958415558-600x600.jpg 600w, https://43factory.coffee/wp-content/uploads/2020/08/202008100838-RoastingPhoto-by-Julie-Roberson-e1584958415558-100x100.jpg 100w\" sizes=\"100vw\" width=\"1024\"></figure><p><i>Photo: Julie Roberson</i></p><p>Nông dân ở Vân Nam có những thách thức và cơ hội độc đáo đặt ra trước mắt họ. So với các quốc gia sản xuất cà phê quy mô lớn có lịch sử lâu đời, Vân Nam còn khá non trẻ và vẫn còn đang tích lũy kinh nghiệm. Tuy nhiên, trong một thời gian ngắn, nông dân, nhà chế biến và nhà sản xuất đã có hể quay mũi và đẩy lùi giống cây Catimor. Mặc dù với sự đổi mới trong chế biến, chăm sóc và chú ý đến nông học cũng như cải tiến tổng thể trong quy trình sau thu hoạch, người ta có thể tạo ra một loại Catimor chất lượng cao, nó thường tìm kiếm những người biết đến ‘Catimor’ nhưng lại không sẵn lòng cho Cà Phê Vân Nam một cơ hội.</p><p>Trong vài năm qua, người ta có thể tìm thấy cà phê với nhiều quy trình lên men khác nhau, chế biến đặc biệt và công thức độc đáo làm nên sự khác biệt của những loại cà phê này.&nbsp;Nông dân đang đổi mới với việc sử dụng công nghệ mới như máy phân loại màu cho trái cà phê, máy tách thủy lực ở để phân loại dựa trên mật độ và các thùng lên men khác nhau, tất cả đều tập trung vào việc tăng chất lượng và tính nhất quán. Vì vậy, chúng ta có thể mong đợi điều gì sẽ xảy ra ở Vân Nam trong vài năm tới?</p><figure class=\"image\"><img src=\"https://43factory.coffee/wp-content/uploads/2020/08/202008100838-Drying-1Photo-by-Bryon-Lippincott-for-Y-e1584958298325.jpg\" alt=\"\" srcset=\"https://43factory.coffee/wp-content/uploads/2020/08/202008100838-Drying-1Photo-by-Bryon-Lippincott-for-Y-e1584958298325.jpg 1024w, https://43factory.coffee/wp-content/uploads/2020/08/202008100838-Drying-1Photo-by-Bryon-Lippincott-for-Y-e1584958298325-300x200.jpg 300w, https://43factory.coffee/wp-content/uploads/2020/08/202008100838-Drying-1Photo-by-Bryon-Lippincott-for-Y-e1584958298325-768x512.jpg 768w, https://43factory.coffee/wp-content/uploads/2020/08/202008100838-Drying-1Photo-by-Bryon-Lippincott-for-Y-e1584958298325-600x400.jpg 600w\" sizes=\"100vw\" width=\"800\"></figure><p><i>Photo: Byron Lipponcott for YCT</i></p><h3>&nbsp;</h3><h2><strong>GIỐNG MỚI</strong></h2><p>Trong ngành cà phê Specialty Coffee tồn tại một số thành kiến ​​nhất định, một số được hình thành dựa trên kinh nghiệm lịch sử và những thành kiến ​​khác, thật không may, hoàn toàn là giai thoại. ‘Thiên vị Catimor’ là một trong những điều đáng tiếc. Có một vị tướng đang hếch mũi và đẩy lùi Catimor như một kẻ sùng bái.&nbsp;Mặc dù với sự đổi mới trong chế biến, chăm sóc và chú ý đến nông học cũng như cải tiến tổng thể trong quy trình sau thu hoạch, người ta có thể tạo ra một loại Catimor chất lượng cao, nhưng vẫn thường thấy nhiều người, khi nghĩ đến ‘Catimor’, không sẵn lòng cho cà phê Vân Nam một cơ hội.</p><p>Sự thiên vị này cùng với niềm đam mê đổi mới đã khiến nhiều nông dân ở Vân Nam theo đuổi các giống mới. Đó là một con đường khó khăn. Thách thức là tìm ra một giống có sản phẩm tương tự như Catimor. Sau tất cả, làm sao chúng ta có thể mong đợi người nông dân đồng ý với việc giảm sản lượng nếu giá không cao hơn để bù đắp, hoặc thay đổi từ một giống cây trồng ít mẫn cảm với bệnh tật và có vị ngon? Đơn hàng cao ở Vân Nam đã đáp ứng thành công với nhiều mức độ khác nhau. Cá nhân tôi biết nhiều nông dân đang trồng Pacamara, Bourbon, Typica, Geisha, Java, và họ tiếp tục theo đuổi việc tìm kiếm các lựa chọn mới. Nestle cũng đã phát hành một giống mới và giới thiệu với nông dân trong khu vực.</p><figure class=\"image\"><img src=\"https://43factory.coffee/wp-content/uploads/2020/08/202008100838-Processing-5Photo-by-Bryon-Lippincott-f-e1584958364470.jpg\" alt=\"\" srcset=\"https://43factory.coffee/wp-content/uploads/2020/08/202008100838-Processing-5Photo-by-Bryon-Lippincott-f-e1584958364470.jpg 1024w, https://43factory.coffee/wp-content/uploads/2020/08/202008100838-Processing-5Photo-by-Bryon-Lippincott-f-e1584958364470-300x200.jpg 300w, https://43factory.coffee/wp-content/uploads/2020/08/202008100838-Processing-5Photo-by-Bryon-Lippincott-f-e1584958364470-768x512.jpg 768w, https://43factory.coffee/wp-content/uploads/2020/08/202008100838-Processing-5Photo-by-Bryon-Lippincott-f-e1584958364470-600x400.jpg 600w\" sizes=\"100vw\" width=\"800\"></figure><p><i>Photo: Byron Lipponcott for YCT</i></p><p>Điểm mấu chốt là Catimor sẽ không bị thay thế rộng rãi. Tôi vẫn tin rằng nó có thể là một tách cà phê ngon và là một lựa chọn tuyệt vời cho nông dân; tuy nhiên, chúng ta sẽ thấy các giống và lựa chọn mới được cung cấp tại đây&nbsp; ở Vân Nam.</p><h3>&nbsp;</h3><h2><strong>CẢI TIẾN VỀ TÍNH NHẤT QUÁN</strong></h2><p>Một phàn nàn phổ biến mà tôi nghe về cà phê Vân Nam là chất lượng từ năm này sang năm khác hoặc từ đợt này sang đợt khác không đồng nhất. Tất nhiên, tôi không tin Vân Nam là khu vực duy nhất phải vật lộn với điều này; tuy nhiên, tôi đã có kinh nghiệm với các loại cà phê tốt từ các hàng mẫu của các đối tác tiềm năng. Nhưng tôi tin rằng nhờ sự nỗ lực của các công ty chung tay làm việc với những người trồng trọt và sản xuất trên thực địa để cải thiện các điều kiện và quy trình vệ sinh, điều này sẽ được cải thiện. Nhiều nhà sản xuất đang được đào tạo về các quy trình cảm quan (nhờ các khóa đào tạo từ các công ty như CQI) và hiểu cách các quy trình lên men và quy trình sấy có thể cải thiện tính nhất quán. Kiến thức, đào tạo và kinh nghiệm mà họ nhận được sẽ thúc đẩy họ vượt qua những thách thức nhất quán trong quá khứ và tiếp tục sản xuất ra những ly cà phê đẹp, thích hợp sẽ khiến việc uống cà phê Vân Nam trở thành một trải nghiệm đáng nhớ.</p><figure class=\"image\"><img src=\"https://43factory.coffee/wp-content/uploads/2020/08/202008100838-Processing-2Photo-by-Bryon-Lippincott-f-e1584958474420.jpg\" alt=\"\" srcset=\"https://43factory.coffee/wp-content/uploads/2020/08/202008100838-Processing-2Photo-by-Bryon-Lippincott-f-e1584958474420.jpg 1024w, https://43factory.coffee/wp-content/uploads/2020/08/202008100838-Processing-2Photo-by-Bryon-Lippincott-f-e1584958474420-300x200.jpg 300w, https://43factory.coffee/wp-content/uploads/2020/08/202008100838-Processing-2Photo-by-Bryon-Lippincott-f-e1584958474420-768x512.jpg 768w, https://43factory.coffee/wp-content/uploads/2020/08/202008100838-Processing-2Photo-by-Bryon-Lippincott-f-e1584958474420-600x400.jpg 600w\" sizes=\"100vw\" width=\"800\"></figure><p><i>Photo: Bryon Lipponcott for YCT</i></p><h3>&nbsp;</h3><h2><strong>ĐỔI MỚI</strong></h2><p>Trong những năm tôi làm việc ở Vân Nam, tôi đã ngồi quanh bàn trà, nơi cũng tạo ra những chiếc bàn cà phê tuyệt vời, đưa ra những ý tưởng và thách thức với các nhà sản xuất trẻ và già, những người tiếp tục thúc đẩy quá trình phát triển tiềm năng về chất lượng cà phê Vân Nam. Mọi thứ đang được đưa lên bàn cân và mổ xẻ.&nbsp;Cách bố trí và quy trình làm việc chung của máy nghiền ướt, thời gian và phương pháp lên men, quy trình làm khô, hàm lượng phân bón, v.v. chỉ là một số lĩnh vực mà nông dân đang thúc đẩy và tìm cách “làm tốt hơn”. Trong những năm qua, tôi ngày càng tôn trọng sự khéo léo, thông minh và đam mê của những người nông dân mà tôi đã làm việc cùng ở Vân Nam.</p><p>Những người hùng của câu chuyện này sẽ tiếp tục là những người nông dân Vân Nam luôn phấn đấu vì sự xuất sắc và những nhà rang xay thể hiện và tôn vinh công việc khó khăn đó thông qua việc giới thiệu và phục vụ những loại cà phê này cho người tiêu dùng trên toàn thế giới.&nbsp;Khi thưởng thức giọt cà phê Vân Nam thơm ngon cuối cùng của mình, tôi rất vui mừng về tương lai của khu vực này trên thế giới và cách nó sẽ tiếp tục thách thức thành kiến ​​của mọi người và làm họ ngạc nhiên.&nbsp;Tôi biết cà phê sẽ trở nên phong phú, phức tạp và đẹp đẽ như những người làm việc chăm chỉ để sản xuất ra nó.</p><figure class=\"image\"><img src=\"https://43factory.coffee/wp-content/uploads/2020/08/202008100838-Harvest-3Photo-by-Bryon-Lippincott-for-.jpg\" alt=\"\" srcset=\"https://43factory.coffee/wp-content/uploads/2020/08/202008100838-Harvest-3Photo-by-Bryon-Lippincott-for-.jpg 1200w, https://43factory.coffee/wp-content/uploads/2020/08/202008100838-Harvest-3Photo-by-Bryon-Lippincott-for--300x200.jpg 300w, https://43factory.coffee/wp-content/uploads/2020/08/202008100838-Harvest-3Photo-by-Bryon-Lippincott-for--1024x683.jpg 1024w, https://43factory.coffee/wp-content/uploads/2020/08/202008100838-Harvest-3Photo-by-Bryon-Lippincott-for--768x512.jpg 768w, https://43factory.coffee/wp-content/uploads/2020/08/202008100838-Harvest-3Photo-by-Bryon-Lippincott-for--600x400.jpg 600w\" sizes=\"100vw\" width=\"800\"></figure><p><i>Photo: Bryon Lipponcott for YCT</i></p><h3>&nbsp;</h3><h2><strong>CÁC NHÀ RANG XAY ĐANG NÓI GÌ VỀ CÀ PHÊ VÂN NAM</strong></h2><p>“<i>Chúng tôi tập trung vào xuất xứ mới&nbsp; vì vậy Vân Nam phù hợp với đơn hàng. Mặc dù vậy, chúng tôi không chỉ tập trung vào các nguồn gốc mới nổi: Nó cần phải ngon và khác biệt. Vân Nam lấp đầy cả hai thứ đó! Phản hồi hơn cả tuyệt vời. Mọi người thích sự thật nó là nguồn gốc mới. [Cà phê] có vị béo ngậy và vị sôcôla,</i></p><p><i>– Nhà rang xay Rabbit Hole, Canada</i></p><p>&nbsp;</p><p>&nbsp;</p><p><i>“Với những tác động của biến đổi khí hậu đang đe dọa sản xuất cà phê trên toàn cầu, chúng tôi tích cực khám phá các cơ hội mới cho các mối quan hệ của nhà sản xuất. Chất lượng cà phê từ Vân Nam và sự hỗ trợ kỹ thuật được cung cấp bởi những thương nhân cà phê Vân Nam, những đối tác trên thực địa, khiến chúng tôi rất thú vị – khách hàng của chúng tôi đã rất ngạc nhiên và ấn tượng bởi vị ngọt, đặc trưng của độ chua và tách cà phê sạch, đặc biệt là khi biết đó là Catimor. “</i></p><p><i>– Phonenix Coffee, USA</i></p><p>&nbsp;</p><p>&nbsp;</p><p><i>“Trở lại năm 2017 khi chúng tôi bắt đầu sản xuất cà phê Foreword, một số nhà rang xay ở Singapore coi cà phê Vân Nam là cà phê có xuất xứ duy nhất và nhiều người không biết rằng Vân Nam (và Trung Quốc) sản xuất cà phê. Ba năm sau, nhiều nhà rang xay đặc sản khác đã bắt đầu cung cấp cà phê Vân Nam và khách hàng đã phản hồi rất tốt. Vị sôcôla và hương vị béo ngậy [cà phê] đã được rửa sạch ở Vân Nam mang đến sự lựa chọn an toàn cho hầu hết người tiêu dùng. Chúng tôi tưởng tượng ra 1 loại cà phê tự nhiên với hương anh đào và rượu vang nó khiến nhiều người uống cà phê đặc biệt ngạc nhiên và chất lượng có thể so sánh với những gì chúng tôi tìm được từ Ethiopia và Kenya. ”</i></p><p><i>-Foreword Coffee, Singapore</i></p><p>&nbsp;</p><p>&nbsp;</p><p><i>“Chúng tôi quyết định dùng cà phê Vân Nam vì đây là loại cà phê độc đáo từ một nơi rất đặc biệt mà chúng tôi muốn chia sẻ với khách hàng của mình. Nhưng điều đặc biệt là hương vị đã thổi hồn vào tâm trí chúng tôi, những hương trái cây được phân biệt [với] hương vị dưa hấu và anh đào khô. Chúng tôi thực sự thích nó đến nỗi người đi đầu về rang xay cà phê Anthony sẽ sử dụng nó trong một cuộc thi cà phê sắp tới. ”</i></p><p><i>– 19 Grams, Berlin</i></p><p>&nbsp;</p><p>&nbsp;</p><p><i>Chúng tôi chọn mua cà phê từ Vân Nam một phần vì nó có nguồn gốc độc đáo và thú vị, không thường thấy ở cà phê đặc sản, và chúng tôi đặc biệt mua Xingang vì nó được sản xuất bởi phụ nữ. Các phản hồi cho Xingang là không có thật, với một số khách hàng cho biết đây là loại cà phê hàng đầu của họ trong năm 2019. Cả khách hàng bán sỉ và bán lẻ đều yêu thích nó! Chúng tôi chẳng có gì ngoài trải nghiệm tích cực với cà phê Vân Nam. Chúng tôi rất thích tìm hiểu về khu vực, cách chế biến và nhà sản xuất. Là một nhà rang xay, thật vui khi rang được cà phê chất lượng tuyệt vời như vậy. Tôi thích tất cả mọi thứ về nó, từ mùi thơm của màu xanh lá cây giống như kẹo cho đến cách hương thơm của đậu rang tràn ngập không khí trong lò rang khi nó được đóng gói! Chúng tôi không thể chờ đợi đến vụ thu hoạch tiếp theo! ”</i></p><p><i>– Khách hàng, UK</i></p><p>&nbsp;</p>', 'post_5.jpg', '2023-07-31', 3);

-- --------------------------------------------------------

--
-- Cấu trúc bảng cho bảng `products`
--

CREATE TABLE `products` (
  `pdt_id` int(11) NOT NULL,
  `pdt_price` float NOT NULL,
  `pdt_title` varchar(225) NOT NULL,
  `pdt_img` varchar(20) NOT NULL,
  `pdt_date` date NOT NULL,
  `pdt_desc` longtext NOT NULL,
  `pdt_content` longtext DEFAULT NULL,
  `pdt_view` int(11) NOT NULL,
  `cate_id` int(11) NOT NULL
) ENGINE=InnoDB DEFAULT CHARSET=utf8mb4 COLLATE=utf8mb4_general_ci;

--
-- Đang đổ dữ liệu cho bảng `products`
--

INSERT INTO `products` (`pdt_id`, `pdt_price`, `pdt_title`, `pdt_img`, `pdt_date`, `pdt_desc`, `pdt_content`, `pdt_view`, `cate_id`) VALUES
(1, 600000, 'Cà Phê Blagu Hạt Đã Rang Panama Boquete - Medium -', 'product_3.jpg', '2023-07-20', '<ul><li><strong>Cupping profile:</strong> Apple, Caramel, Cocoa, Blueberry<br><strong>Region:</strong> Boquete<br><strong>Altitude:</strong> 1.200-1.400 masl<br><strong>Varieties:</strong> Catuai, Typica<br><strong>Process:</strong> Washed<br><strong>Roast Level:</strong> Medium</li></ul>', '<h2>[Premium] Cà Phê Blagu Hạt Đã Rang Panama Boquete</h2><figure class=\"image\"><img src=\"https://images.weserv.nl/?url=wp.sieuthicafe.vn/wp-content/uploads/2022/12/panama-boquete.png&amp;h=470&amp;w=768&amp;fit=contain&amp;cbg=white&amp;il=1&amp;output=webp\" alt=\"\"></figure><p><br><strong>Cupping profile:</strong> Apple, Caramel, Cocoa, Blueberry<br><strong>Region:</strong> Boquete<br><strong>Altitude:</strong> 1.200-1.400 masl<br><strong>Varieties:</strong> Catuai, Typica<br><strong>Process:</strong> Washed<br><strong>Roast Level:</strong> Medium<br>&nbsp;</p><figure class=\"image\"><img src=\"https://images.weserv.nl/?url=wp.sieuthicafe.vn/wp-content/uploads/2022/12/pnm-t12-01-1-scaled.jpg&amp;h=576&amp;w=768&amp;fit=contain&amp;cbg=white&amp;il=1&amp;output=webp\" alt=\"\"></figure><p><br>&nbsp;</p><figure class=\"image\"><img src=\"https://images.weserv.nl/?url=wp.sieuthicafe.vn/wp-content/uploads/2022/12/panama-boquete-coffee-farm-2.jpg&amp;h=511&amp;w=768&amp;fit=contain&amp;cbg=white&amp;il=1&amp;output=webp\" alt=\"\"></figure><p><br>Though small in coffee production, Panama is a mighty player in coffee quality. In particular, Panama is famous for producing Geisha variety lots that have fetched prices exceeding $800 per pound. Today, its renown as a producer of rare and sought-after varieties positions Panama as a contender for a new kind of ‘coffee-tourism’ that has the potential to change the way we produce, purchase, consume and talk about specialty coffee on a global scale.<br>&nbsp;</p><figure class=\"image\"><img src=\"https://images.weserv.nl/?url=wp.sieuthicafe.vn/wp-content/uploads/2022/12/boquete-scaled-1.jpg&amp;h=505&amp;w=768&amp;fit=contain&amp;cbg=white&amp;il=1&amp;output=webp\" alt=\"\"></figure><p><br>Selection of coffee beans from Boquete. Blagu researched and launched the Premium Specialty Coffee - Panama Boquete product line. With climatic conditions and characteristics of the terrain, the ripening speed of coffee cherries slows down.<br>Nestled in a small valley and shadowed by Volcan Baru, Boquete is a charming, small, picture-postcard mountain town that caters to tourists throughout the year. The town is alive with the bright colors of the local flowers, trees, and shrubs. The hillsides are covered with coffee plantations and greenhouses. The Caldera River runs through the center of town, making it an attraction of its own.<br>&nbsp;</p><figure class=\"image\"><img src=\"https://images.weserv.nl/?url=wp.sieuthicafe.vn/wp-content/uploads/2022/12/panama-boquete-profile.png&amp;h=346&amp;w=467&amp;fit=contain&amp;cbg=white&amp;il=1&amp;output=webp\" alt=\"\"></figure><h2>[Premium] Cà Phê Blagu Hạt Đã Rang Panama Boquete</h2><figure class=\"image\"><img src=\"https://images.weserv.nl/?url=wp.sieuthicafe.vn/wp-content/uploads/2022/12/panama-boquete.png&amp;h=470&amp;w=768&amp;fit=contain&amp;cbg=white&amp;il=1&amp;output=webp\" alt=\"\"></figure><p><br><strong>Cupping profile:</strong> Apple, Caramel, Cocoa, Blueberry<br><strong>Region:</strong> Boquete<br><strong>Altitude:</strong> 1.200-1.400 masl<br><strong>Varieties:</strong> Catuai, Typica<br><strong>Process:</strong> Washed<br><strong>Roast Level:</strong> Medium<br>&nbsp;</p><figure class=\"image\"><img src=\"https://images.weserv.nl/?url=wp.sieuthicafe.vn/wp-content/uploads/2022/12/pnm-t12-01-1-scaled.jpg&amp;h=576&amp;w=768&amp;fit=contain&amp;cbg=white&amp;il=1&amp;output=webp\" alt=\"\"></figure><p><br>&nbsp;</p><figure class=\"image\"><img src=\"https://images.weserv.nl/?url=wp.sieuthicafe.vn/wp-content/uploads/2022/12/panama-boquete-coffee-farm-2.jpg&amp;h=511&amp;w=768&amp;fit=contain&amp;cbg=white&amp;il=1&amp;output=webp\" alt=\"\"></figure><p><br>Though small in coffee production, Panama is a mighty player in coffee quality. In particular, Panama is famous for producing Geisha variety lots that have fetched prices exceeding $800 per pound. Today, its renown as a producer of rare and sought-after varieties positions Panama as a contender for a new kind of ‘coffee-tourism’ that has the potential to change the way we produce, purchase, consume and talk about specialty coffee on a global scale.<br>&nbsp;</p><figure class=\"image\"><img src=\"https://images.weserv.nl/?url=wp.sieuthicafe.vn/wp-content/uploads/2022/12/boquete-scaled-1.jpg&amp;h=505&amp;w=768&amp;fit=contain&amp;cbg=white&amp;il=1&amp;output=webp\" alt=\"\"></figure><p><br>Selection of coffee beans from Boquete. Blagu researched and launched the Premium Specialty Coffee - Panama Boquete product line. With climatic conditions and characteristics of the terrain, the ripening speed of coffee cherries slows down.<br>Nestled in a small valley and shadowed by Volcan Baru, Boquete is a charming, small, picture-postcard mountain town that caters to tourists throughout the year. The town is alive with the bright colors of the local flowers, trees, and shrubs. The hillsides are covered with coffee plantations and greenhouses. The Caldera River runs through the center of town, making it an attraction of its own.<br>&nbsp;</p><figure class=\"image\"><img src=\"https://images.weserv.nl/?url=wp.sieuthicafe.vn/wp-content/uploads/2022/12/panama-boquete-profile.png&amp;h=346&amp;w=467&amp;fit=contain&amp;cbg=white&amp;il=1&amp;output=webp\" alt=\"\"></figure>', 496, 7),
(2, 360000, 'Cà Phê Blagu Hạt Đã Rang Kenya AA Plus - Light Medium - 250g', 'product_6.jpg', '2023-07-20', '<p><strong>Cupping profile:</strong> Rich, Creamy Body, Tropical, Cranberry, Lemon, Grapefruit, Lemon-Rind, Plum<br><strong>Điểm qua về hạt Kenya AA+</strong><br><strong>Vùng trồng:</strong> Mount Kenya<br><strong>Độ cao:</strong> 1.750-1.900 masl<br><strong>Giống:</strong> SL28<br><strong>Phương pháp sơ chế:</strong> Washed<br><strong>Mức Rang:</strong> Light - Medium<br>Phương pháp pha chế để khai thác trọn vẹn hương vị: Pour-over, Chemex</p>', '<p>[Premium] Cà Phê Blagu Hạt Đã Rang Kenya AA Plus (AA+)<br><strong>Cupping profile:</strong> Rich, Creamy Body, Tropical, Cranberry, Lemon, Grapefruit, Lemon-Rind, Plum<br><strong>Điểm qua về hạt Kenya AA+</strong><br><strong>Vùng trồng:</strong> Mount Kenya<br><strong>Độ cao:</strong> 1.750-1.900 masl<br><strong>Giống:</strong> SL28<br><strong>Phương pháp sơ chế:</strong> Washed<br><strong>Mức Rang:</strong> Light - Medium<br>Phương pháp pha chế để khai thác trọn vẹn hương vị: Pour-over, Chemex<br>&nbsp;</p><h2><strong>Cầu chuyên về hạt và vùng đất:</strong></h2><p>Nếu bạn đang tìm kiếm một loại cà phê Specialty Coffee đặc biệt để thưởng thức, thì BLAGU Roasted Bean Kenya AA Plus là một sản phẩm tuyệt vời cho bạn. Đây là một sản phẩm cà phê chất lượng cao, được sản xuất và rang xay bởi BLAGU - một thương hiệu nổi tiếng về cà phê Specialty Coffee.<br>&nbsp;<br>BLAGU Roasted Bean Kenya AA Plus được chế biến từ những hạt cà phê Kenya AA Plus chất lượng cao nhất, được trồng trên độ cao từ 1750 đến 1900 mét trên mực nước biển. Hạt cà phê được thu hái thủ công và chọn lọc kỹ càng để đảm bảo chất lượng tuyệt vời.<br>&nbsp;<br>Sau khi được thu hái, hạt cà phê Kenya AA Plus được chế biến bằng phương pháp \"washed process\" để tạo ra hạt cà phê có hương vị sáng và thanh khiết, với hương vị trái cây đặc trưng và hậu vị ngọt ngào.<br>&nbsp;<br><strong>BLAGU Roasted Bean Kenya AA Plus</strong> được rang xay với sự tập trung và chính xác cao độ, để tạo ra một loại cà phê đặc biệt với mùi thơm đặc trưng và hương vị phức tạp. Với các hương vị cupping như Rich, Creamy body, Tropical, Cranberry, Lemon, Grapefruit, Lemon-Rind, Plum, đây là một sản phẩm cà phê đặc biệt với hương vị phức tạp và tinh tế.<br>&nbsp;<br>Rich và creamy body của BLAGU Roasted Bean Kenya AA Plus tạo ra một cảm giác mượt mà và đầy đặn trong miệng. Với hương vị trái cây đầy tươi mát và hậu vị ngọt ngào, bạn có thể cảm nhận được sự phức tạp và sự tinh tế của hương vị trong mỗi tách cà phê.<br>Với hương vị Tropical, bạn sẽ cảm nhận được một hương vị trái cây tươi mới và đầy sức sống, khiến cho trải nghiệm thưởng thức cà phê của bạn thêm phần thú vị và độc đáo.<br>Hương vị Cranberry, Lemon và Grapefruit giúp tạo ra một cảm giác tươi mát và sảng khoái trong miệng, khiến cho cảm giác ngon miệng của bạn được tăng lên đáng kể.<br>Với hương vị Lemon-Rind và Plum, bạn sẽ cảm nhận được sự phức tạp và tinh tế của hương vị, cùng với sự cân bằng hoàn hảo giữa các hương vị khác nhau.<br>&nbsp;<br>BLAGU Roasted Bean Kenya AA Plus được đóng gói trong bao bì 250g, với thiết kế đơn giản và sang trọng. Bao bì được thiết kế để giữ cho hạt cà phê tươi mới và hương vị đặc trưng được giữ nguyên.<br>&nbsp;<br>Với <strong>BLAGU Roasted Bean Kenya AA Plus</strong>, bạn sẽ có trải nghiệm thưởng thức cà phê Specialty Coffee đích thực, với hương vị phức tạp và tinh tế. Đây là một sản phẩm cà phê chất lượng cao, được sản xuất vàrang xay với sự tập trung và chính xác cao độ, đảm bảo mang đến cho bạn một trải nghiệm thưởng thức cà phê đặc biệt và đáng nhớ.<br>&nbsp;<br>Nếu bạn là một người yêu cà phê chuyên nghiệp hoặc đang tìm kiếm một loại cà phê đặc biệt để thưởng thức, BLAGU Roasted Bean Kenya AA Plus sẽ là lựa chọn hoàn hảo cho bạn. Hãy cảm nhận và trải nghiệm những hương vị độc đáo và phức tạp của sản phẩm này, và tận hưởng những giây phút thư giãn và thưởng thức cà phê tuyệt vời nhất.<br>&nbsp;</p>', 131, 6),
(3, 6975000, 'Combo Quà Tặng Premium Specialty Coffee - Deluxe', 'combo_1.jpg', '2023-07-20', '<ul><li><a href=\"https://sieuthicafe.vn/product/premium-ca-phe-blagu-da-rang-costa-rica-los-santos-medium-250g/\">[Premium] Cà Phê Blagu Đã Rang Costa Rica Los Santos</a></li><li><a href=\"https://sieuthicafe.vn/product/premium-ca-phe-hat-da-rang-blagu-peru-chanchamayo-medium-250g/\">[Premium] Cà Phê Hạt Đã Rang Blagu Peru Chanchamayo</a></li><li><a href=\"https://sieuthicafe.vn/product/premium-ca-phe-blagu-hat-da-rang-ethiopia-konga-light-medium-250g/\">[Premium] Cà Phê Blagu Hạt Đã Rang Ethiopia Konga</a></li><li><a href=\"https://sieuthicafe.vn/product/fellow-kettle-stagg-pour-over-kettle-copper-1-0-liter/\">Ấm rót cà phê Fellow Kettle Stagg Pour-Over Kettle Copper</a></li><li><a href=\"https://sieuthicafe.vn/product/bo-pha-ca-phe-fellow-stagg-x-pour-over-set/\">Bộ pha cà phê Fellow Stagg X Pour-Over Set</a></li><li><a href=\"https://sieuthicafe.vn/product/coc-ca-phe-2-lop-bang-su-fellow-joey-mau-den-8oz-235ml/\">Cốc cà phê 2 lớp bằng sứ Fellow Joey</a></li></ul>', '<h2>Combo Quà Tặng Premium Specialty Coffee - Deluxe</h2><p>Combo quà tặng được chọn lọc những hạt cà phê Premium Specialty Coffee từ nhà Blagu kết hợp cùng các dụng cụ pha chế chuyên nghiệp đến từ Fellow USA</p><h2><a href=\"https://sieuthicafe.vn/product/ca-phe-blagu-hat-da-rang-panama-finca-lerida-gesha-light-roast-200g/\"><strong>Cà phê Blagu hạt đã rang, Gesha Panama</strong></a></h2><figure class=\"image\"><img src=\"https://images.weserv.nl/?url=wp.sieuthicafe.vn/wp-content/uploads/2022/06/Ca%CC%80-phe%CC%82-Blagu-ha%CC%A3t-da%CC%83-rang-Gesha-Panama-vu%CC%80ng-Finca-Lerida-Light-Roast-200g-4-.jpg&amp;h=1024&amp;w=768&amp;fit=contain&amp;cbg=white&amp;il=1&amp;output=webp\" alt=\"Cà phê Blagu hạt đã rang, Gesha Panama vùng Finca Lerida, Light Roast, 200g\"></figure><p><br>Thông tin chi tiết về hạt Gesha.</p><ul><li>&nbsp;<strong>Nông trại trồng:</strong> Finca Lerida Coffee Estate.</li><li><strong>&nbsp;Giống:</strong> Gesha.</li><li><strong>&nbsp;Vùng:</strong> Alto Quiel, Boquete, Chiriqui, Panama.</li><li>&nbsp;<strong>Thu hoạch:</strong> Tháng mười hai - Tháng tư.</li><li><strong>&nbsp;Độ cao:</strong> 1600 - 2000 masl.</li><li>&nbsp;<strong>Đất:</strong> mùn núi lửa.</li><li><strong>&nbsp;Quy trình:</strong> Chế biến ướt.</li><li><strong>Kiểu rang:</strong> Light Roast</li><li><strong>Cupping profile:</strong> Jasmine, milk chocolate, pink lady apple, honey, and toasted marshmallow.</li></ul><p><strong>Gesha Panama</strong><br>Gesha tại vùng Boquete, Panama được các chuyên gia chúng tôi đánh giá chung có hương vị trái cây và hương hoa đặc trưng, hậu vị với độ chua, ngọt thanh tao và thể chất cân bằng hoàn hảo.<br>Hương vị trái cây nổi trội từ hoa nhài đến hoa cam, nước hoa hồng đến hoa dâm bụt, tử đinh hương, cam bergamot, trà trắng, bạch đậu khấu, thậm chí cả bạch đậu khấu và một chút nước dưa leo sảng khoái cuối vị.<br>Hạt cà phê Gesha còn có tính axit malic cân bằng, sống động, gợi cho chúng ta nhớ đến nước ép táo, nam việt quất tươi, đào, mộc qua và lê. Có đường ngọt ngào, dễ uống, phức tạp và nhiều sắc thái, loại cà phê này có tất cả những gì bạn mong đợi ở hạt Gesha này.</p><h2><a href=\"https://sieuthicafe.vn/product/premium-ca-phe-blagu-da-rang-costa-rica-los-santos-medium-250g/\"><strong>[Premium] Cà Phê Blagu Đã Rang Costa Rica Los Santos</strong></a></h2><figure class=\"image\"><img src=\"https://images.weserv.nl/?url=wp.sieuthicafe.vn/wp-content/uploads/2022/11/costarica-sieuthicafe-premium-coffee.jpg&amp;h=1024&amp;w=768&amp;fit=contain&amp;cbg=white&amp;il=1&amp;output=webp\" alt=\" costarica-sieuthicafe-premium-coffee.jpg\"></figure><p><br><strong>Cupping profile:</strong>&nbsp;Chocolate, Almond, Citrus, Wine<br>Điểm qua về hạt&nbsp;<strong>Costa Rica Los Santos</strong><br><strong>Vùng trồng</strong>: Los Santos<br><strong>Độ cao:</strong> 1,280–1,800 masl<br><strong>Giống:</strong> Caturra và Catuaí<br><strong>Phương pháp sơ chế:</strong> Washed<br><strong>Mức Rang:</strong>&nbsp;Medium<br>Hãy thử nếm một tách Costa Rica bằng Espresso chắc chắn sẽ khiến bạn say đắm<br>&nbsp;</p><h2><a href=\"https://sieuthicafe.vn/product/premium-ca-phe-blagu-hat-da-rang-ethiopia-konga-light-medium-250g/\"><strong>[Premium] Cà Phê Blagu Hạt Đã Rang Ethiopia Konga</strong></a></h2><figure class=\"image\"><img src=\"https://images.weserv.nl/?url=wp.sieuthicafe.vn/wp-content/uploads/2022/11/ethiopia-konga-sieuthicafe-premium-coffee.jpg&amp;h=1105&amp;w=768&amp;fit=contain&amp;cbg=white&amp;il=1&amp;output=webp\" alt=\"ethiopia-konga-sieuthicafe-premium-coffee.jpg\"></figure><p><br><strong>Cupping Profile:</strong> Dried Blueberries, Caramel, Raisins, Blackberries, Jasmine<br><strong>Điểm qua về hạt Ethiopia Konga</strong><br><strong>Vùng trồng:</strong> Konga, Gedeo<br><strong>Độ cao:</strong> 1900-2300 masl<br><strong>Giống:</strong> Heirloom<br><strong>Phương pháp sơ chế:</strong> Washed<br><strong>Body:</strong> Smooth<br><strong>Mức rang:</strong>&nbsp;Light-Medium<br>Phương pháp pha chế để khai thác trọn vẹn hương vị: Pour-over, Chemex\'<br>&nbsp;</p><h2><a href=\"https://sieuthicafe.vn/product/fellow-kettle-stagg-pour-over-kettle-copper-1-0-liter/\"><strong>Ấm rót cà phê Fellow Kettle Stagg Pour-Over Kettle Copper</strong></a></h2><figure class=\"image\"><img src=\"https://images.weserv.nl/?url=wp.sieuthicafe.vn/wp-content/uploads/2022/11/F-C-01.jpg&amp;h=512&amp;w=768&amp;fit=contain&amp;cbg=white&amp;il=1&amp;output=webp\" alt=\"\"></figure><p><br>&nbsp;<br>Nhiệt kế tích hợp có ghi chú khoản nhiệt tối ưu cho pha chế<br>Vòi rót thiết kế đặt biệt giúp dòng&nbsp; chảy chính xác<br>Tay cầm có điểm tựa giúp bạn dễ dàng điểu khiển dòng chảy</p><h3>Thông số chi tiết:</h3><ul><li>Thân ấm làm từ chất liệu thép không gỉ</li><li>Dung tích 1L</li><li>Sử dụng được trên bếp gas và bếp điện</li></ul><p>* Lưu ý: việc nấu trên bếp gas hay bếp điện lâu ngày sẽ làm đáy ấm có sự đổi màu nhưng không ảnh hưởng đến chức năng của sản phẩm.<br>&nbsp;</p><h2><a href=\"https://sieuthicafe.vn/product/bo-pha-ca-phe-fellow-stagg-x-pour-over-set/\"><strong>Bộ pha cà phê Fellow Stagg X Pour-Over Set</strong></a></h2><figure class=\"image\"><img src=\"https://images.weserv.nl/?url=wp.sieuthicafe.vn/wp-content/uploads/2022/05/23a5d96cd90a-Stagg-X-Pour-Over.png&amp;h=768&amp;w=768&amp;fit=contain&amp;cbg=white&amp;il=1&amp;output=webp\" alt=\"\"></figure><p><br>Bộ pha cà phê Fellow Stagg [X] Pour-Over Set bao gồm:</p><ul><li><a href=\"https://sieuthicafe.vn/product/pheu-pha-ca-phe-fellow-stagg-x/\">Một bộ phễu pha cà phê Fellow Stagg [X].</a></li><li>Một ly thử nếm thủy tinh hai lớp Fellow Stagg Tasting Glass.</li><li><a href=\"https://sieuthicafe.vn/product/giay-loc-fellow-stagg-x-45-to/\">Bộ giấy lọc dùng cho phễu Stagg [X]</a>&nbsp;gồm 30 tờ.</li></ul><p>Phễu Fellow Stagg [X] được thiết kế dành cho những người thích pha chế cà phê Pour-Over theo cách thức rót một lần thật chính xác và chậm rãi. Chiều cao thân của Stagg [X] ngắn, phù hợp với phương pháp Pour chậm một lần rót, cho phép bạn kiểm soát được sự phân tán của dòng nước rót và chiết xuất cà phê bằng việc tiếp cận nhiều hơn tới các lớp bột cà phê. Theo lời của nhà sản xuất, Stagg [X] sinh ra để dành cho những người theo chủ nghĩa truyền thống hoàn thiện bữa cà phê sáng của họ.<br>Ly thử nếm thủy tinh hai lớp Fellow Stagg Tasting Glass được thiết kế để truyền tải một cách chân thực nhất các note hương cho người nếm, phần vành thiết kế loe ra, nhằm mục đích đưa cà phê đến toàn bộ khoang miệng của bạn, cho phép bạn thưởng thức đầy đủ nhất các hương vị. Sản phẩm được làm từ borosilicate và được thổi thủ công hoàn toàn, kết hợp với vách đôi cách nhiệt tạo cảm giác thoải mái khi cầm và giữ nhiệt cho cà phê của bạn.<br>&nbsp;</p><h2><a href=\"https://sieuthicafe.vn/product/coc-ca-phe-2-lop-bang-su-fellow-joey-mau-den-8oz-235ml/\"><strong>Cốc cà phê 2 lớp bằng sứ Fellow Joey</strong></a></h2><figure class=\"image\"><img src=\"https://images.weserv.nl/?url=wp.sieuthicafe.vn/wp-content/uploads/2022/05/joey-mug-black-feature-VI.png&amp;h=368&amp;w=768&amp;fit=contain&amp;cbg=white&amp;il=1&amp;output=webp\" alt=\"\"></figure><p><br>Fellow Joye được trau chuốt kỹ càng với ngoại hình sang trọng. Phù hợp cho các bữa tiệc trọng đại trong gia đình bạn.<br>Thân ly được làm từ sứ cùng với phần đế thép không gỉ, được mạ đồng để tăng độ tương phản.<br>Thành ly cấu tạo từ 2 lớp giúp đồ uống của bạn được giữ nhiệt lâu hơn. Thoải mái cầm nắm không sợ bỏng và với thiết kế này giúp ly không bám hơi nước ra bên ngoài.<br>Cấu tạo thành ly thuôn nhọn giúp việc cầm nắm ly trở nên dễ dàng hơn.<br>Được thiết kế cho cà phê và những thức uống yêu thích khác của bạn.<br>Chất liệu: Sứ, Thép không gỉ mạ đồng<br>Dung tích: 235ml</p>', 69, 9),
(4, 360000, 'Cà Phê Blagu Hạt Đã Rang Ethiopia Konga - Light Medium - 250g', 'product_7.jpg', '2023-07-20', '<ul><li><strong>Cupping Profile:</strong> Dried Blueberries, Caramel, Raisins, Blackberries, Jasmine</li><li>&nbsp;</li><li><strong>Điểm qua về hạt Ethiopia Konga</strong></li><li><strong>Vùng trồng:</strong> Konga, Gedeo</li><li><strong>Độ cao:</strong> 1900-2300 masl</li><li><strong>Giống:</strong> Heirloom&nbsp;</li><li><strong>Phương pháp sơ chế:</strong> Washed</li><li><strong>Body:</strong> Smooth</li><li><strong>Mức rang:</strong> Light-Medium</li></ul>', '<h2>[Premium] Cà Phê Blagu Hạt Đã Rang Ethiopia Konga</h2><figure class=\"image\"><img src=\"https://images.weserv.nl/?url=wp.sieuthicafe.vn/wp-content/uploads/2022/09/Ethiopia_zone_region.jpg&amp;h=520&amp;w=768&amp;fit=contain&amp;cbg=white&amp;il=1&amp;output=webp\" alt=\"\"></figure><p><br>Chúng ta đều biết ơn Ethiopia vì nơi đây là cái nôi của cà phê, ở nơi đây đến thời điểm hiện tại vẫn có rất nhiều những cây cà phê mọc hoang dại với sự đa dạng về giống rất lớn. Chính điều này đã khiến cho cà phê có xuất xứ từ quốc gia nằm ở phía Đông của Châu Phi trở nên rất đặc biệt và cho ra những hạt cà phê có hình dáng và mùi thơm hết sức đặc biệt — dài và hơi cong, với hương hoa gợi nhớ đến hoa lài. Hạt cà phê của chúng tôi đến từ vùng Konga nơi chúng tôi tìm thấy những hạt cà phê đặc biệt thể hiện rõ nhất những phẩm chất này.<br>&nbsp;</p><figure class=\"image\"><img src=\"https://images.weserv.nl/?url=wp.sieuthicafe.vn/wp-content/uploads/2022/09/ethiopia-konga-2.jpg&amp;h=432&amp;w=768&amp;fit=contain&amp;cbg=white&amp;il=1&amp;output=webp\" alt=\"\"></figure><p><br>&nbsp;<br>Theo chân cô gái của Blagu đến với những ngôi làng của Ethiopia mộc mạc, yên bình. Là nơi sản xuất ra những hạt cà phê tuyệt vời.&nbsp;<br>&nbsp;</p><figure class=\"image\"><img src=\"https://images.weserv.nl/?url=wp.sieuthicafe.vn/wp-content/uploads/2022/09/ethiopia-konga.jpg&amp;h=513&amp;w=768&amp;fit=contain&amp;cbg=white&amp;il=1&amp;output=webp\" alt=\"\"></figure><p>Konso village on the side of a mountain. Southern-central Ethiopia.<br>Konga cách thị trấn Yirgacheffe khoảng 4 km về phía nam. Konga được biết đến với hương vị cam quýt kết hợp cùng đào và mơ, và khi kết hợp với phương pháp sơ chế khô, chúng ta được kết quả là những hạt cà phê mang trong mình hương vị của quả anh đào khô, nam việt quất và vị chua nhẹ như nước chanh.<br>&nbsp;<br>Các giống cà phê Heirloom ở Ethiopia được chọn từ khu rừng rậm và di dời về trồng trong các khu vườn, không những thế, những cư dân Ethiopia còn chọn lọc lại các giống cà phê hoang dã vốn đã mang trong mình sự phức tạp đáng kinh ngạc này một lần nữa.<br>&nbsp;<br>Những người nông dân sẽ tự tay phân loại những quả cà phê chưa chín hoặc quá chín. Tiếp theo đó cà phê sẽ được xay bằng máy xay Agaarde và được để lên men ướt từ 24 đến 36 giờ. Sau khi được phân loại dựa trên tỷ trọng, cà phê đã lên men được rửa bằng nước sạch trước khi được phơi khô từ một đến hai tuần trên các giàn phơi vải. Người nông dân sẽ phủ nilon cho cà phê vào giữa trưa và tối. Sau khi sấy khô, cà phê được sàng lọc từ kích cỡ sàn 14 trở lên.<br>&nbsp;</p><figure class=\"image\"><img src=\"https://images.weserv.nl/?url=wp.sieuthicafe.vn/wp-content/uploads/2022/09/ethiopia-konga-4.jpg&amp;h=509&amp;w=768&amp;fit=contain&amp;cbg=white&amp;il=1&amp;output=webp\" alt=\"\"></figure><h3>&nbsp;</h3><p><strong>Cupping Profile:</strong> Dried Blueberries, Caramel, Raisins, Blackberries, Jasmine<br>&nbsp;</p><h3><strong>Điểm qua về hạt Ethiopia Konga</strong></h3><p><strong>Vùng trồng:</strong> Konga, Gedeo<br><strong>Độ cao:</strong> 1900-2300 masl<br><strong>Giống:</strong> Heirloom&nbsp;<br><strong>Phương pháp sơ chế:</strong> Washed<br><strong>Body:</strong> Smooth<br><strong>Mức rang:</strong> Light-Medium<br>&nbsp;<br>Phương pháp pha chế để khai thác trọn vẹn hương vị: Pour-over, Chemex</p>', 55, 5),
(5, 150000, 'Cà phê Blagu Hạt Đã Rang, Colombia Supremo, Medium Roasted, 250g', 'product_8.jpg', '2023-07-20', '<p>Fruity, berries, aromatic with medium body &amp; exhibit sweet fragance</p><figure class=\"table\"><table><tbody><tr><td><strong>SKU</strong></td><td>BLCOLOMBIA250G</td></tr><tr><td><strong>Vùng trồng địa lý / Location</strong></td><td>South - American</td></tr><tr><td><strong>Mức độ rang / Roasting level</strong></td><td>Rang vừa</td></tr><tr><td><strong>Thể trạng / Condition</strong></td><td>Hạt/ Bột Espresso</td></tr><tr><td><strong>Phong cách thưởng thức / Enjoy style</strong></td><td>Espresso</td></tr><tr><td><strong>Type Of Coffee</strong></td><td>Whole Bean</td></tr></tbody></table></figure>', '<h2><strong>Blagu Coffee Roaster Coffee Colombia Supremo , Whole Bean, 250g</strong></h2><p><br>Colombia is a diverse group of growing regions spread from North to South. Colombia is rather unique in that, thanks to the size of the country and it’s range of terrain and microclimates, it produces coffee all year round.<br>&nbsp;</p><figure class=\"image\"><img src=\"https://images.weserv.nl/?url=wp.sieuthicafe.vn/wp-content/uploads/2020/03/Blagu-Coffee-Roaster-Coffee-Colombia-Supremo-Whole-Bean-250g-sieuthicafe-01.jpg&amp;h=1050&amp;w=700&amp;fit=contain&amp;cbg=white&amp;il=1&amp;output=webp\" alt=\"\"></figure><p><br>Its unique geography makes Colombia one of the world’s greatest coffee-producing nations. &nbsp;thousands of green coffee berries turn brilliant red as they ripen, ready to be harvested by hand.<br>Supremo refers to the largest bean size for coffees from Colombia — the beans are a screen size of 17 or 18 and are slightly larger than Excelso beans (Supremo and Excelso beans may be harvested from the same tree and later sorted by size, though that’s not the only difference; Excelso coffees are processed in the European Preparation (EP) style, a quality signifier that allows for a very low number of permissible defects.)<br>Colombia tend to produce Fruit notes, chocolate, caramel; medium body, bright acidity, clean finish, balanced and smooth with a nice aftertaste.<br>&nbsp;</p><figure class=\"image\"><img src=\"https://images.weserv.nl/?url=wp.sieuthicafe.vn/wp-content/uploads/2020/03/Blagu-Coffee-Roaster-Coffee-Colombia-Supremo-Whole-Bean-250g-sieuthicafe-03.jpg&amp;h=1050&amp;w=700&amp;fit=contain&amp;cbg=white&amp;il=1&amp;output=webp\" alt=\"\"></figure><p><br><strong>Spec:</strong></p><figure class=\"table\"><table><tbody><tr><td>Fruit notes, chocolate, caramel; medium body, bright acidity, clean finish, balanced and smooth with a nice aftertaste.</td></tr><tr><td><strong>Roasting level :</strong>&nbsp;medium</td></tr><tr><td><strong>Bean Size:</strong>&nbsp;18</td></tr><tr><td><strong>Processing:</strong>&nbsp;wash process</td></tr></tbody></table></figure><figure class=\"image\"><img src=\"https://images.weserv.nl/?url=wp.sieuthicafe.vn/wp-content/uploads/2020/03/Blagu-Coffee-Roaster-Coffee-Colombia-Supremo-Whole-Bean-250g-sieuthicafe-04.jpg&amp;h=500&amp;w=500&amp;fit=contain&amp;cbg=white&amp;il=1&amp;output=webp\" alt=\"\"></figure><p><br>&nbsp;</p><figure class=\"image\"><img src=\"https://img.youtube.com/vi/gDcETOix4_M/0.jpg\"></figure>', 51, 3),
(6, 250000, 'CÀ PHÊ BLAGU HẠT ĐÃ RANG , ETHIOPIA W.YIRGACHEFFE, LIGHT MEDIUM ROAST 250G', 'product_9.jpg', '2023-07-20', '<figure class=\"table\"><table><tbody><tr><td><strong>SKU</strong></td><td>BRBEW-201</td></tr><tr><td><strong>Vùng trồng địa lý / Location</strong></td><td>Africa &amp; Arabia</td></tr><tr><td><strong>Thể trạng / Condition</strong></td><td>Hạt/ Bột Espresso</td></tr><tr><td><strong>Phong cách thưởng thức / Enjoy style</strong></td><td>Pour Over/Drip</td></tr><tr><td><strong>Mức độ rang / Roasting level</strong></td><td>Nhẹ Vừa</td></tr><tr><td><strong>Type Of Coffee</strong></td><td>Whole Bean</td></tr></tbody></table></figure>', '<h4>CÀ PHÊ BLAGU HẠT ĐÃ RANG , ETHIOPIA W.YIRGACHEFFE, LIGHT MEDIUM ROAST 250G</h4><figure class=\"image\"><img src=\"https://images.weserv.nl/?url=wp.sieuthicafe.vn/wp-content/uploads/2020/09/yirgacheffe-map.jpg&amp;h=379&amp;w=500&amp;fit=contain&amp;cbg=white&amp;il=1&amp;output=webp\" alt=\"\"></figure><p><br>Vùng Yirgacheffe nằm ở phía nam của Ethiopia ở độ cao khoảng 1.900 mét so với mực nước biển.<br>Nông dân tại thị trấn cà phê Yirgacheffe thường là thành viên của Liên minh Hợp tác xã Nông dân Yirgacheffe (YCFCU), bao gồm 23 hợp tác xã thành viên khác nhau, bao gồm hơn 40.000 nông dân.<br>Cà phê Yirgacheffe loại thượng hạng từ miền nam Ethiopia được ca ngợi là những hạt Arabica tốt nhất thế giới,<br>Vùng Yirgacheffe, Ethiopia là nơi ra đời của nhà máy chế biến ướt đầu tiên. Và cho đến nay, hầu như các loại cà phê được sản xuất tại đây đều dùng phương pháp chế biến ướt<br>Đây được xem là vùng đất phát triển mạnh mẽ của cây cà phê bởi&nbsp; có thảm thực vật dày, độ cao tốt và&nbsp; có khí hậu thuận lợi<br>Cà phê vùng Yirgacheffe là nơi có hồ sơ hương vị&nbsp; phức tạp và khó nắm bắt nhất của mãnh dất Ethiopia<br>Hạt cà phê Yirgacheffe có màu sáng và đẹp<br>&nbsp;<br>&nbsp;</p><figure class=\"image\"><img src=\"https://images.weserv.nl/?url=wp.sieuthicafe.vn/wp-content/uploads/2020/09/yirgacheffe-sieuthicafevn-2020-1075x806.jpg&amp;h=576&amp;w=768&amp;fit=contain&amp;cbg=white&amp;il=1&amp;output=webp\" alt=\"\"></figure><p><br>&nbsp;</p><figure class=\"image\"><img src=\"https://images.weserv.nl/?url=wp.sieuthicafe.vn/wp-content/uploads/2020/09/GREEN-BEAN-BLAGU-ETHIOPIA-W.-YIRGACHEFFE-sieuthicafe-02.jpg&amp;h=512&amp;w=768&amp;fit=contain&amp;cbg=white&amp;il=1&amp;output=webp\" alt=\"\"></figure><p><br>Thưởng thức cà phê Yirgacheffe, hãy mong đợi trải nghiệm hương vị của:</p><ul><li>Quả mọng</li><li>Quả hạch</li><li>Sô cô la</li><li>Chanh</li><li>Rượu</li></ul><figure class=\"table\"><table><tbody><tr><td>&nbsp;</td><td colspan=\"2\"><strong>ETHIOPIA W. YIRGACHEFFE</strong></td><td>&nbsp;</td></tr><tr><td>&nbsp;</td><td colspan=\"2\"><strong>BERRY NOTES . VELVETY BODY . FRUIT SWEETNESS</strong></td><td>&nbsp;</td></tr><tr><td>&nbsp;</td><td>&nbsp;</td><td>&nbsp;</td><td>&nbsp;</td></tr><tr><td>&nbsp;</td><td colspan=\"2\"><strong>CUP CHARACERISTICS</strong></td><td>&nbsp;</td></tr><tr><td>&nbsp;</td><td colspan=\"2\">Fruit sweetness, berry notes, balance out with delicate acidity.</td><td>&nbsp;</td></tr><tr><td>&nbsp;</td><td colspan=\"2\">Chocolate finish &amp; velvety body</td><td>&nbsp;</td></tr><tr><td>&nbsp;</td><td>&nbsp;</td><td>&nbsp;</td><td>&nbsp;</td></tr><tr><td>&nbsp;</td><td><strong>REGION</strong></td><td>Yirgacheffe</td><td>&nbsp;</td></tr><tr><td>&nbsp;</td><td><strong>PROCESSING</strong></td><td>Wash process</td><td>&nbsp;</td></tr><tr><td>&nbsp;</td><td><strong>CULTIVAR</strong></td><td>&nbsp;Heirloom</td><td>&nbsp;</td></tr><tr><td>&nbsp;</td><td><strong>ALTITUDE</strong></td><td>1800-2050MASL</td><td>&nbsp;</td></tr><tr><td>&nbsp;</td><td><strong>SCORE SCAA</strong></td><td>90.3</td><td>&nbsp;</td></tr><tr><td>&nbsp;</td><td><strong>WEIGHT</strong></td><td>250G</td><td>&nbsp;</td></tr><tr><td>&nbsp;</td><td><strong>LEVEL ROASTED</strong></td><td>LIGHT- MEDIUM</td><td>&nbsp;</td></tr><tr><td>&nbsp;</td><td colspan=\"2\">A BEAN IMPORTING BY BLAGU COFFEE ROASTER</td><td>&nbsp;</td></tr></tbody></table></figure><p>&nbsp;<br>Rang vừa được sử dụng phổ biến nhất cho hạt cà phê Yirgacheffe.&nbsp;Điều này làm tăng hương thơm ngọt ngào và độ chua sáng của nó.<br>&nbsp;</p><figure class=\"image\"><img src=\"https://images.weserv.nl/?url=wp.sieuthicafe.vn/wp-content/uploads/2020/09/GREEN-BEAN-BLAGU-ETHIOPIA-W.-YIRGACHEFFE-sieuthicafe-01.jpg&amp;h=394&amp;w=700&amp;fit=contain&amp;cbg=white&amp;il=1&amp;output=webp\" alt=\"CÀ PHÊ BLAGU HẠT ĐÃ RANG , ETHIOPIA W.YIRGACHEFFE, LIGHT MEDIUM ROAST 250G\"></figure><p><br>&nbsp;</p><figure class=\"image\"><img src=\"https://img.youtube.com/vi/assZBYJm0Ms/0.jpg\"></figure><h4>CÀ PHÊ BLAGU HẠT ĐÃ RANG , ETHIOPIA W.YIRGACHEFFE, LIGHT MEDIUM ROAST 250G</h4><figure class=\"image\"><img src=\"https://images.weserv.nl/?url=wp.sieuthicafe.vn/wp-content/uploads/2020/09/yirgacheffe-map.jpg&amp;h=379&amp;w=500&amp;fit=contain&amp;cbg=white&amp;il=1&amp;output=webp\" alt=\"\"></figure><p><br>Vùng Yirgacheffe nằm ở phía nam của Ethiopia ở độ cao khoảng 1.900 mét so với mực nước biển.<br>Nông dân tại thị trấn cà phê Yirgacheffe thường là thành viên của Liên minh Hợp tác xã Nông dân Yirgacheffe (YCFCU), bao gồm 23 hợp tác xã thành viên khác nhau, bao gồm hơn 40.000 nông dân.<br>Cà phê Yirgacheffe loại thượng hạng từ miền nam Ethiopia được ca ngợi là những hạt Arabica tốt nhất thế giới,<br>Vùng Yirgacheffe, Ethiopia là nơi ra đời của nhà máy chế biến ướt đầu tiên. Và cho đến nay, hầu như các loại cà phê được sản xuất tại đây đều dùng phương pháp chế biến ướt<br>Đây được xem là vùng đất phát triển mạnh mẽ của cây cà phê bởi&nbsp; có thảm thực vật dày, độ cao tốt và&nbsp; có khí hậu thuận lợi<br>Cà phê vùng Yirgacheffe là nơi có hồ sơ hương vị&nbsp; phức tạp và khó nắm bắt nhất của mãnh dất Ethiopia<br>Hạt cà phê Yirgacheffe có màu sáng và đẹp<br>&nbsp;<br>&nbsp;</p><figure class=\"image\"><img src=\"https://images.weserv.nl/?url=wp.sieuthicafe.vn/wp-content/uploads/2020/09/yirgacheffe-sieuthicafevn-2020-1075x806.jpg&amp;h=576&amp;w=768&amp;fit=contain&amp;cbg=white&amp;il=1&amp;output=webp\" alt=\"\"></figure><p><br>&nbsp;</p><figure class=\"image\"><img src=\"https://images.weserv.nl/?url=wp.sieuthicafe.vn/wp-content/uploads/2020/09/GREEN-BEAN-BLAGU-ETHIOPIA-W.-YIRGACHEFFE-sieuthicafe-02.jpg&amp;h=512&amp;w=768&amp;fit=contain&amp;cbg=white&amp;il=1&amp;output=webp\" alt=\"\"></figure><p><br>Thưởng thức cà phê Yirgacheffe, hãy mong đợi trải nghiệm hương vị của:</p><ul><li>Quả mọng</li><li>Quả hạch</li><li>Sô cô la</li><li>Chanh</li><li>Rượu</li></ul><figure class=\"table\"><table><tbody><tr><td>&nbsp;</td><td colspan=\"2\"><strong>ETHIOPIA W. YIRGACHEFFE</strong></td><td>&nbsp;</td></tr><tr><td>&nbsp;</td><td colspan=\"2\"><strong>BERRY NOTES . VELVETY BODY . FRUIT SWEETNESS</strong></td><td>&nbsp;</td></tr><tr><td>&nbsp;</td><td>&nbsp;</td><td>&nbsp;</td><td>&nbsp;</td></tr><tr><td>&nbsp;</td><td colspan=\"2\"><strong>CUP CHARACERISTICS</strong></td><td>&nbsp;</td></tr><tr><td>&nbsp;</td><td colspan=\"2\">Fruit sweetness, berry notes, balance out with delicate acidity.</td><td>&nbsp;</td></tr><tr><td>&nbsp;</td><td colspan=\"2\">Chocolate finish &amp; velvety body</td><td>&nbsp;</td></tr><tr><td>&nbsp;</td><td>&nbsp;</td><td>&nbsp;</td><td>&nbsp;</td></tr><tr><td>&nbsp;</td><td><strong>REGION</strong></td><td>Yirgacheffe</td><td>&nbsp;</td></tr><tr><td>&nbsp;</td><td><strong>PROCESSING</strong></td><td>Wash process</td><td>&nbsp;</td></tr><tr><td>&nbsp;</td><td><strong>CULTIVAR</strong></td><td>&nbsp;Heirloom</td><td>&nbsp;</td></tr><tr><td>&nbsp;</td><td><strong>ALTITUDE</strong></td><td>1800-2050MASL</td><td>&nbsp;</td></tr><tr><td>&nbsp;</td><td><strong>SCORE SCAA</strong></td><td>90.3</td><td>&nbsp;</td></tr><tr><td>&nbsp;</td><td><strong>WEIGHT</strong></td><td>250G</td><td>&nbsp;</td></tr><tr><td>&nbsp;</td><td><strong>LEVEL ROASTED</strong></td><td>LIGHT- MEDIUM</td><td>&nbsp;</td></tr><tr><td>&nbsp;</td><td colspan=\"2\">A BEAN IMPORTING BY BLAGU COFFEE ROASTER</td><td>&nbsp;</td></tr></tbody></table></figure><p>&nbsp;<br>Rang vừa được sử dụng phổ biến nhất cho hạt cà phê Yirgacheffe.&nbsp;Điều này làm tăng hương thơm ngọt ngào và độ chua sáng của nó.<br>&nbsp;</p><figure class=\"image\"><img src=\"https://images.weserv.nl/?url=wp.sieuthicafe.vn/wp-content/uploads/2020/09/GREEN-BEAN-BLAGU-ETHIOPIA-W.-YIRGACHEFFE-sieuthicafe-01.jpg&amp;h=394&amp;w=700&amp;fit=contain&amp;cbg=white&amp;il=1&amp;output=webp\" alt=\"CÀ PHÊ BLAGU HẠT ĐÃ RANG , ETHIOPIA W.YIRGACHEFFE, LIGHT MEDIUM ROAST 250G\"></figure><p><br>&nbsp;</p><figure class=\"image\"><img src=\"https://img.youtube.com/vi/assZBYJm0Ms/0.jpg\"></figure>', 73, 5),
(7, 325000, 'Cà phê Blagu hạt đã rang, Bourbon Cầu Đất, Medium Roast, 250g', 'product_10.jpg', '2023-07-20', '<p>Cupping profile: thể chất trung bình, đắng nhẹ, hậu vị ngọt, trái cây và caramel.</p><figure class=\"table\"><table><tbody><tr><td><strong>SKU</strong></td><td>PRBBCD250G</td></tr><tr><td><strong>Vùng trồng địa lý / Location</strong></td><td>Việt Nam</td></tr><tr><td><strong>Mức độ rang / Roasting level</strong></td><td>Rang vừa</td></tr><tr><td><strong>Thể trạng / Condition</strong></td><td>Hạt/ Bột Espresso</td></tr><tr><td><strong>Phong cách thưởng thức / Enjoy style</strong></td><td>Espresso</td></tr></tbody></table></figure>', '<h2><strong>Cà phê Blagu hạt đã rang, Bourbon Cầu Đất,&nbsp; Medium Roast, 250g</strong></h2><h4><strong>VIỆT NAM TRỞ THÀNH NHÀ SẢN XUẤT CÀ PHÊ HÀNG ĐẦU Ở ĐÔNG NAM Á VÀ SAU BRAZIL</strong></h4><p>Cà phê được trồng rộng rãi ở các vùng Tây Nguyên và một số vùng núi phía Bắc.<br>Cà phê Việt Nam rất đa dạng về chủng loại, mỗi giống mang đến một hương vị cà phê khác nhau.<br>Chủng cà phê Arabica có hạt hơi dài, ở Việt Nam có 3 chủng Bourbon, Typica, Catuai và Catimor.<br>&nbsp;</p><figure class=\"image\"><img src=\"https://images.weserv.nl/?url=wp.sieuthicafe.vn/wp-content/uploads/2016/04/BLAGU-Arabica-Premium-cau-dat-sieuthicafe-02.jpg&amp;h=576&amp;w=768&amp;fit=contain&amp;cbg=white&amp;il=1&amp;output=webp\" alt=\"\"></figure><p><br>&nbsp;</p><figure class=\"image\"><img src=\"https://images.weserv.nl/?url=wp.sieuthicafe.vn/wp-content/uploads/2020/03/yellowbourbon-caudat-sieuthicafe-03.jpg&amp;h=432&amp;w=768&amp;fit=contain&amp;cbg=white&amp;il=1&amp;output=webp\" alt=\"\"></figure><p><br>Hương vị của yellow bourbon rất quyến rũ và phong phú, hương thiên về hương của các loại trái cây tự nhiên, các vị&nbsp; trong ly cà phê dày và hài hòa, đặc biệt hậu vị chua thanh ngọt kéo dài rất ngon<br>&nbsp;</p><figure class=\"image\"><img src=\"https://images.weserv.nl/?url=wp.sieuthicafe.vn/wp-content/uploads/2020/03/yellowbourbon-caudat-sieuthicafe-01.jpg&amp;h=432&amp;w=768&amp;fit=contain&amp;cbg=white&amp;il=1&amp;output=webp\" alt=\"\"></figure><p><br>&nbsp;</p><figure class=\"table\"><table><tbody><tr><td colspan=\"2\"><strong>Cà phê hạt đã rang – Bourbon Cầu Đất, Đà Lạt.</strong></td></tr><tr><td colspan=\"2\">Mild body, slightly bitter, sweet aftertaste, fruity and caramel tasting.</td></tr><tr><td><strong>Kiểu rang:</strong> nhẹ vừa</td><td><strong>Roasting style:</strong>&nbsp; Medium</td></tr><tr><td><strong>Kích cỡ hạt:</strong> 16</td><td><strong>Bean size:</strong> 16</td></tr></tbody></table></figure><p>&nbsp;<br>Cà Phê Yellow Bourbon&nbsp; được sản xuất từ Cầu Đất được chọn lựa kỹ lưỡng, hạt to và đồng đều kết hợp cùng kiểu rang mộc mang đến tách cà phê ấm áp, nồng nàn hương vị.<br>&nbsp;</p><figure class=\"image\"><img src=\"https://images.weserv.nl/?url=wp.sieuthicafe.vn/wp-content/uploads/2020/03/yellowbourbon-caudat-sieuthicafe-02.jpg&amp;h=432&amp;w=768&amp;fit=contain&amp;cbg=white&amp;il=1&amp;output=webp\" alt=\"\"></figure><p><br>Yellow Bourbon loại cà phê được săn lùng nhất hiện nay</p>', 35, 1),
(8, 350000, 'CÀ PHÊ NHÂN XANH YELLOW BOURBON CẦU ĐẤT- 1 KG', 'product_11.jpg', '2023-07-20', '<p>Cà Phê Yellow Bourbon&nbsp; được sản xuất từ Cầu Đất được chọn lựa kỹ lưỡng, hạt to và đồng đều kết hợp cùng kiểu rang mộc mang đến tách cà phê ấm áp, nồng nàn hương vị.</p><figure class=\"table\"><table><tbody><tr><td><strong>SKU</strong></td><td>BLAGUCOFFEEGREENBEANYELLOWBOURBONCAUDAT1KG</td></tr><tr><td><strong>Vùng trồng địa lý / Location</strong></td><td>Việt Nam</td></tr><tr><td><strong>Thể trạng / Condition</strong></td><td>Hạt nhân sống</td></tr></tbody></table></figure>', '<h2><strong>CÀ PHÊ NHÂN XANH YELLOW BOURBON CẦU ĐẤT- 1 KG</strong></h2><h4><strong>VIỆT NAM TRỞ THÀNH NHÀ SẢN XUẤT CÀ PHÊ HÀNG ĐẦU Ở ĐÔNG NAM Á VÀ SAU BRAZIL</strong></h4><p>Cà phê được trồng rộng rãi ở các vùng Tây Nguyên và một số vùng núi phía Bắc.<br>Cà phê Việt Nam rất đa dạng về chủng loại, mỗi giống mang đến một hương vị cà phê khác nhau.<br>Chủng cà phê Arabica có hạt hơi dài, ở Việt Nam có 3 chủng Bourbon, Typica, Catuai và Catimor.<br>&nbsp;<br>&nbsp;</p><figure class=\"image\"><img src=\"https://images.weserv.nl/?url=wp.sieuthicafe.vn/wp-content/uploads/2016/04/BLAGU-Arabica-Premium-cau-dat-sieuthicafe-02.jpg&amp;h=576&amp;w=768&amp;fit=contain&amp;cbg=white&amp;il=1&amp;output=webp\" alt=\"\"></figure><p><br>&nbsp;<br>&nbsp;</p><figure class=\"image\"><img src=\"https://images.weserv.nl/?url=wp.sieuthicafe.vn/wp-content/uploads/2020/03/yellowbourbon-caudat-sieuthicafe-03.jpg&amp;h=432&amp;w=768&amp;fit=contain&amp;cbg=white&amp;il=1&amp;output=webp\" alt=\"\"></figure><p><br>&nbsp;<br>Hương vị của yellow bourbon rất quyến rũ và phong phú, hương thiên về hương của các loại trái cây tự nhiên, các vị&nbsp; trong ly cà phê dày và hài hòa, đặc biệt hậu vị chua thanh ngọt kéo dài rất ngon<br>&nbsp;<br>&nbsp;</p><figure class=\"image\"><img src=\"https://images.weserv.nl/?url=wp.sieuthicafe.vn/wp-content/uploads/2020/03/yellowbourbon-caudat-sieuthicafe-01.jpg&amp;h=432&amp;w=768&amp;fit=contain&amp;cbg=white&amp;il=1&amp;output=webp\" alt=\"\"></figure><p><br>&nbsp;<br>Cà Phê Yellow Bourbon&nbsp; được sản xuất từ Cầu Đất được chọn lựa kỹ lưỡng, hạt to và đồng đều kết hợp cùng kiểu rang mộc mang đến tách cà phê ấm áp, nồng nàn hương vị.<br>&nbsp;<br>&nbsp;</p><figure class=\"image\"><img src=\"https://images.weserv.nl/?url=wp.sieuthicafe.vn/wp-content/uploads/2020/03/yellowbourbon-caudat-sieuthicafe-02.jpg&amp;h=432&amp;w=768&amp;fit=contain&amp;cbg=white&amp;il=1&amp;output=webp\" alt=\"\"></figure>', 28, 1),
(9, 170000, 'Cà Phê Blagu Hạt Đã Rang, Cà Phê Pha Phin Việt Nam, medium dark roast, 500g', 'product_12.jpg', '2023-07-20', '<p>cupping profile:&nbsp; chocolate đen, mùi bánh mì ngọt lan tỏa, tròn vị, đậm đà, độ axit vừa phải &nbsp; &nbsp;</p><figure class=\"table\"><table><tbody><tr><td><strong>SKU</strong></td><td>BLAGUCOFFEEROASTEDBEANCAPHEPHAPHIN500GR</td></tr><tr><td><strong>Vùng trồng địa lý / Location</strong></td><td>Việt Nam</td></tr><tr><td><strong>Mức độ rang / Roasting level</strong></td><td>Rang đậm</td></tr><tr><td><strong>Phong cách thưởng thức / Enjoy style</strong></td><td>Espresso</td></tr><tr><td><strong>Type Of Coffee</strong></td><td>Whole Bean</td></tr></tbody></table></figure>', '<h4>Cà Phê Blagu Hạt Đã Rang, Cà Phê Pha Phin Việt Nam, medium dark roast, 500g</h4><figure class=\"image\"><img src=\"https://images.weserv.nl/?url=wp.sieuthicafe.vn/wp-content/uploads/2020/03/Blagu-Coffee-Roaster-Phin-VietNam-medium-dark-roast-500g-01-500x500-1.jpg&amp;h=500&amp;w=500&amp;fit=contain&amp;cbg=white&amp;il=1&amp;output=webp\" alt=\"\"></figure><figure class=\"table\"><table><tbody><tr><td><h4>Cà Phê Blagu Hạt Đã Rang, Cà Phê Pha Phin Việt Nam, medium dark roast, 500g</h4></td></tr><tr><td>Cupping profile: đắng , hậu vị ngọt&nbsp; &amp; cân bằng , độ acid vừa phải</td></tr><tr><td>Roasted bean: MEDIUM – DARK</td></tr><tr><td>Tỉ lệ hạt : 70% Robusta &amp; 30% Arabica</td></tr></tbody></table></figure><p>&nbsp;<br>&nbsp;</p><figure class=\"image\"><img src=\"https://images.weserv.nl/?url=blagucoffee.com/wp-content/uploads/2020/07/Blagu-Coffee-Roaster-Phin-VietNam-medium-dark-roast-500g-03.jpg&amp;h=1152&amp;w=768&amp;fit=contain&amp;cbg=white&amp;il=1&amp;output=webp\" alt=\"Blagu-Coffee-Roaster-Phin-VietNam-medium-dark-roast\"></figure><p>Blagu-Coffee-Roaster-Phin-VietNam-medium-dark-roast</p><h4><strong>Việt Nam trở thành nhà sản xuất cà phê hàng đầu ở Đông Nam Á và sau Brazil</strong></h4><p>Cà phê được trồng rộng rãi ở các vùng Tây Nguyên và một số vùng núi phía Bắc.<br>Cà phê Việt Nam rất đa dạng về chủng loại, mỗi giống mang đến một hương vị cà phê khác nhau.<br>Chủng cà phê Arabica có hạt hơi dài, ở Việt Nam có 3 chủng Bourbon, Typica, Catuai và Catimor.<br>&nbsp;</p><figure class=\"image\"><img src=\"https://images.weserv.nl/?url=wp.sieuthicafe.vn/wp-content/uploads/2020/03/Arabica-CauDat-Medium-Roast-500g-sieuthicafe-09.jpg&amp;h=432&amp;w=768&amp;fit=contain&amp;cbg=white&amp;il=1&amp;output=webp\" alt=\"\"></figure><p><br>Sự kết hợp giữa hạt cà phê&nbsp; arabica và robusta<br>&nbsp;</p><figure class=\"image\"><img src=\"https://images.weserv.nl/?url=blagucoffee.com/wp-content/uploads/2020/07/Blagu-Coffee-Roaster-Phin-VietNam-medium-dark-roast-500g-04.jpg&amp;h=1152&amp;w=768&amp;fit=contain&amp;cbg=white&amp;il=1&amp;output=webp\" alt=\"Blagu-Coffee-Roaster-Phin-VietNam-medium-dark-roast\"></figure><p>Blagu-Coffee-Roaster-Phin-VietNam-medium-dark-roast<br>Chuẩn Gu ngươi việt với hương vị đậm đà lan tỏa trong khoang miệng.<br>Vị đắng mạnh mẽ nhưng hậu vị lại ngọt ngào, dễ chịu, hương thơm lừng như chocolate đen.<br>&nbsp;</p><figure class=\"image\"><img src=\"https://images.weserv.nl/?url=wp.sieuthicafe.vn/wp-content/uploads/2019/06/Blagu-c%C3%A0-ph%C3%AA-pha-phin-medium-dark-roast-500g.jpg&amp;h=768&amp;w=768&amp;fit=contain&amp;cbg=white&amp;il=1&amp;output=webp\" alt=\"\"></figure><p><br>Cà phê Phin Việt Nam xứng đáng là tinh túy của cà phê Việt Nam<br>&nbsp;</p><figure class=\"image\"><img src=\"https://img.youtube.com/vi/v6OszwrFBIE/0.jpg\"></figure><p><br>&nbsp;</p>', 31, 1);

-- --------------------------------------------------------

--
-- Cấu trúc bảng cho bảng `shipping`
--

CREATE TABLE `shipping` (
  `shipping_id` int(11) NOT NULL,
  `order_id` int(11) NOT NULL,
  `username` varchar(225) NOT NULL,
  `shipping_address` varchar(225) NOT NULL,
  `shipping_method` varchar(50) NOT NULL,
  `shipping_cost` float NOT NULL,
  `shipping_status` varchar(50) NOT NULL DEFAULT '',
  `estimated_delivery_date` date NOT NULL,
  `shipping_notes` text DEFAULT NULL
) ENGINE=InnoDB DEFAULT CHARSET=utf8mb4 COLLATE=utf8mb4_general_ci;

--
-- Đang đổ dữ liệu cho bảng `shipping`
--

INSERT INTO `shipping` (`shipping_id`, `order_id`, `username`, `shipping_address`, `shipping_method`, `shipping_cost`, `shipping_status`, `estimated_delivery_date`, `shipping_notes`) VALUES
(2, 60, 'Trần Hoàng Vy', '123 Quang Trung, Phường Hòa Minh, Quận Liên Chiểu, Thành phố Đà Nẵng', 'cod', 0, 'Đang gửi', '2001-08-23', 'Giao buổi chiều giùm em'),
(3, 61, 'phuquoc', 'thôn tân bình, Phường Phúc Xá, Quận Ba Đình, Thành phố Hà Nội', 'cod', 0, 'Đang gửi', '2002-08-23', ''),
(4, 62, 'hoangvy', 'thôn tân bình, Phường Phúc Xá, Quận Ba Đình, Thành phố Hà Nội', 'cod', 0, 'Đang gửi', '2002-08-23', ''),
(5, 63, 'hoangvy', 'thôn tân bình, Xã Lũng Cú, Huyện Đồng Văn, Tỉnh Hà Giang', 'cod', 0, 'Đang gửi', '2002-08-23', ''),
(6, 64, 'hoangvy', 'thôn tân bình, Phường Trúc Bạch, Quận Ba Đình, Thành phố Hà Nội', 'cod', 0, 'Đang gửi', '2004-08-23', ''),
(7, 65, 'hoangvy', 'thôn tân bình, Xã A Lù, Huyện Bát Xát, Tỉnh Lào Cai', 'cod', 0, 'Đang gửi', '2004-08-23', ''),
(8, 66, 'hoangvy', 'thôn tân bình, Xã Thiện Kế, Huyện Bình Xuyên, Tỉnh Vĩnh Phúc', 'cod', 0, 'Đang gửi', '2004-08-23', ''),
(9, 67, 'Nguyễn An Nhiên', '123 Quang Trung, Phường Thanh Khê Tây, Quận Thanh Khê, Thành phố Đà Nẵng', 'cod', 0, 'Đang gửi', '0000-00-00', ''),
(10, 68, 'hoangvy', 'thôn tân bình, Phường Phúc Xá, Quận Ba Đình, Thành phố Hà Nội', 'cod', 0, 'Đang gửi', '2004-08-23', ''),
(11, 69, 'phuquoc', 'thôn tân bình, Thị trấn Trà Lĩnh, Huyện Trùng Khánh, Tỉnh Cao Bằng', 'cod', 0, 'Đang gửi', '2005-08-23', '');

-- --------------------------------------------------------

--
-- Cấu trúc bảng cho bảng `users`
--

CREATE TABLE `users` (
  `user_id` int(11) NOT NULL,
  `user_username` varchar(50) NOT NULL,
  `user_fullname` varchar(225) DEFAULT NULL,
  `user_password` varchar(225) NOT NULL,
  `user_img` varchar(225) NOT NULL,
  `user_mail` varchar(50) NOT NULL,
  `user_address` varchar(225) DEFAULT NULL,
  `user_gender` text DEFAULT NULL,
  `user_role` int(5) NOT NULL,
  `user_active` int(5) NOT NULL
) ENGINE=InnoDB DEFAULT CHARSET=utf8mb4 COLLATE=utf8mb4_general_ci;

--
-- Đang đổ dữ liệu cho bảng `users`
--

INSERT INTO `users` (`user_id`, `user_username`, `user_fullname`, `user_password`, `user_img`, `user_mail`, `user_address`, `user_gender`, `user_role`, `user_active`) VALUES
(1, 'admin', 'Quản trị viên', '123456', 'defaut.jpg', 'admin@gmail.com', '', 'Nam', 1, 1),
(2, 'phuquoc', 'Nguyễn Phú Quốc', '12345678', 'IMG_8103.jpg', 'Luti0510@gmail.com', 'thôn tân bình', 'Nam', 0, 1),
(3, 'hoangvy', 'Trần Hoàng Vy', '123456', '350497999_662124489071243_1656152458733735945_n.jpg', 'vy@gmail.com', '123 Bình Thái 4', 'Nữ', 0, 1);

--
-- Chỉ mục cho các bảng đã đổ
--

--
-- Chỉ mục cho bảng `category`
--
ALTER TABLE `category`
  ADD PRIMARY KEY (`cate_id`);

--
-- Chỉ mục cho bảng `comment`
--
ALTER TABLE `comment`
  ADD PRIMARY KEY (`cmt_id`),
  ADD KEY `FK_user_id` (`user_id`),
  ADD KEY `FK_pdt_id` (`pdt_id`);

--
-- Chỉ mục cho bảng `commentreply`
--
ALTER TABLE `commentreply`
  ADD PRIMARY KEY (`reply_id`),
  ADD KEY `FK_cmt_ID` (`cmt_id`),
  ADD KEY `FK_user_reply` (`user_id`);

--
-- Chỉ mục cho bảng `order`
--
ALTER TABLE `order`
  ADD PRIMARY KEY (`order_id`),
  ADD KEY `FK_user_id1` (`user_id`);

--
-- Chỉ mục cho bảng `ordersdetail`
--
ALTER TABLE `ordersdetail`
  ADD PRIMARY KEY (`ordersdetail_id`),
  ADD KEY `FK_ORDERS` (`order_id`),
  ADD KEY `FK_pdt_id1` (`pdt_id`);

--
-- Chỉ mục cho bảng `post`
--
ALTER TABLE `post`
  ADD PRIMARY KEY (`post_id`);

--
-- Chỉ mục cho bảng `products`
--
ALTER TABLE `products`
  ADD PRIMARY KEY (`pdt_id`),
  ADD KEY `FK_cate_id` (`cate_id`);

--
-- Chỉ mục cho bảng `shipping`
--
ALTER TABLE `shipping`
  ADD PRIMARY KEY (`shipping_id`),
  ADD KEY `FK_order_id` (`order_id`);

--
-- Chỉ mục cho bảng `users`
--
ALTER TABLE `users`
  ADD PRIMARY KEY (`user_id`);

--
-- AUTO_INCREMENT cho các bảng đã đổ
--

--
-- AUTO_INCREMENT cho bảng `category`
--
ALTER TABLE `category`
  MODIFY `cate_id` int(11) NOT NULL AUTO_INCREMENT, AUTO_INCREMENT=10;

--
-- AUTO_INCREMENT cho bảng `comment`
--
ALTER TABLE `comment`
  MODIFY `cmt_id` int(11) NOT NULL AUTO_INCREMENT, AUTO_INCREMENT=33;

--
-- AUTO_INCREMENT cho bảng `commentreply`
--
ALTER TABLE `commentreply`
  MODIFY `reply_id` int(11) NOT NULL AUTO_INCREMENT, AUTO_INCREMENT=21;

--
-- AUTO_INCREMENT cho bảng `order`
--
ALTER TABLE `order`
  MODIFY `order_id` int(11) NOT NULL AUTO_INCREMENT, AUTO_INCREMENT=70;

--
-- AUTO_INCREMENT cho bảng `ordersdetail`
--
ALTER TABLE `ordersdetail`
  MODIFY `ordersdetail_id` int(11) NOT NULL AUTO_INCREMENT, AUTO_INCREMENT=47;

--
-- AUTO_INCREMENT cho bảng `post`
--
ALTER TABLE `post`
  MODIFY `post_id` int(11) NOT NULL AUTO_INCREMENT, AUTO_INCREMENT=7;

--
-- AUTO_INCREMENT cho bảng `products`
--
ALTER TABLE `products`
  MODIFY `pdt_id` int(11) NOT NULL AUTO_INCREMENT, AUTO_INCREMENT=10;

--
-- AUTO_INCREMENT cho bảng `shipping`
--
ALTER TABLE `shipping`
  MODIFY `shipping_id` int(11) NOT NULL AUTO_INCREMENT, AUTO_INCREMENT=12;

--
-- AUTO_INCREMENT cho bảng `users`
--
ALTER TABLE `users`
  MODIFY `user_id` int(11) NOT NULL AUTO_INCREMENT, AUTO_INCREMENT=4;

--
-- Các ràng buộc cho các bảng đã đổ
--

--
-- Các ràng buộc cho bảng `comment`
--
ALTER TABLE `comment`
  ADD CONSTRAINT `FK_pdt_id` FOREIGN KEY (`pdt_id`) REFERENCES `products` (`pdt_id`),
  ADD CONSTRAINT `FK_user_id` FOREIGN KEY (`user_id`) REFERENCES `users` (`user_id`);

--
-- Các ràng buộc cho bảng `commentreply`
--
ALTER TABLE `commentreply`
  ADD CONSTRAINT `FK_cmt_ID` FOREIGN KEY (`cmt_id`) REFERENCES `comment` (`cmt_id`),
  ADD CONSTRAINT `FK_user_reply` FOREIGN KEY (`user_id`) REFERENCES `users` (`user_id`);

--
-- Các ràng buộc cho bảng `order`
--
ALTER TABLE `order`
  ADD CONSTRAINT `FK_user_id1` FOREIGN KEY (`user_id`) REFERENCES `users` (`user_id`);

--
-- Các ràng buộc cho bảng `ordersdetail`
--
ALTER TABLE `ordersdetail`
  ADD CONSTRAINT `FK_ORDERS` FOREIGN KEY (`order_id`) REFERENCES `order` (`order_id`),
  ADD CONSTRAINT `FK_pdt_id1` FOREIGN KEY (`pdt_id`) REFERENCES `products` (`pdt_id`);

--
-- Các ràng buộc cho bảng `products`
--
ALTER TABLE `products`
  ADD CONSTRAINT `FK_cate_id` FOREIGN KEY (`cate_id`) REFERENCES `category` (`cate_id`);

--
-- Các ràng buộc cho bảng `shipping`
--
ALTER TABLE `shipping`
  ADD CONSTRAINT `FK_order_id` FOREIGN KEY (`order_id`) REFERENCES `order` (`order_id`);
COMMIT;

/*!40101 SET CHARACTER_SET_CLIENT=@OLD_CHARACTER_SET_CLIENT */;
/*!40101 SET CHARACTER_SET_RESULTS=@OLD_CHARACTER_SET_RESULTS */;
/*!40101 SET COLLATION_CONNECTION=@OLD_COLLATION_CONNECTION */;
